Price,Age,Mfg_Month,Mfg_Year,KM,Fuel_Type,HP,Metallic,Automatic,CC,Doors,Cylinders,Gears,QuartTax,Weight,Guarantee,BOVAG,Period,KM.sqrt,HP.cube,QuartTax.cube
13500,23,10,2002,46986,Diesel,90,1,0,2000,3,4,5,210,1165,0,1,3,216.76254288967917,0.22651656746142707,5.838917879920168
13750,23,10,2002,72937,Diesel,90,1,0,2000,3,4,5,210,1165,0,1,3,270.06850982667345,0.22651656746142707,5.838917879920168
13950,24,9,2002,41711,Diesel,90,1,0,2000,3,4,5,210,1165,1,1,3,204.232710406536,0.22651656746142707,5.838917879920168
14950,26,7,2002,48000,Diesel,90,0,0,2000,3,4,5,210,1165,1,1,3,219.08902300206645,0.22651656746142707,5.838917879920168
13750,30,3,2002,38500,Diesel,90,0,0,2000,3,4,5,210,1170,1,1,3,196.21416870348583,0.22651656746142707,5.838917879920168
12950,32,1,2002,61000,Diesel,90,0,0,2000,3,4,5,210,1170,0,1,3,246.9817807045694,0.22651656746142707,5.838917879920168
16900,27,6,2002,94612,Diesel,90,1,0,2000,3,4,5,210,1245,0,1,3,307.5906370486592,0.22651656746142707,5.838917879920168
18600,30,3,2002,75889,Diesel,90,1,0,2000,3,4,5,210,1245,1,1,3,275.47958182050445,0.22651656746142707,5.838917879920168
21500,27,6,2002,19700,Petrol,192,0,0,1800,3,4,5,100,1185,0,1,3,140.356688476182,0.17640487975723823,4.570881896148751
12950,23,10,2002,71138,Diesel,69,0,0,1900,3,4,5,185,1105,0,1,3,266.7170785682837,0.24727476628545803,5.599724624165487
20950,25,8,2002,31461,Petrol,192,0,0,1800,3,4,6,100,1185,1,1,12,177.37248941140788,0.17640487975723823,4.570881896148751
19950,22,11,2002,43610,Petrol,192,0,0,1800,3,4,6,100,1185,1,1,3,208.83007446246816,0.17640487975723823,4.570881896148751
19600,25,8,2002,32189,Petrol,192,0,0,1800,3,4,6,100,1185,1,1,3,179.41293152947478,0.17640487975723823,4.570881896148751
21500,31,2,2002,23000,Petrol,192,1,0,1800,3,4,6,100,1185,1,1,3,151.65750888103102,0.17640487975723823,4.570881896148751
22500,32,1,2002,34131,Petrol,192,1,0,1800,3,4,6,100,1185,1,1,3,184.74577126418887,0.17640487975723823,4.570881896148751
22000,28,5,2002,18739,Petrol,192,0,0,1800,3,4,6,100,1185,0,1,3,136.89046716261873,0.17640487975723823,4.570881896148751
22750,30,3,2002,34000,Petrol,192,1,0,1800,3,4,5,100,1185,0,1,3,184.39088914585776,0.17640487975723823,4.570881896148751
17950,24,9,2002,21716,Petrol,110,1,0,1600,3,4,5,85,1105,0,0,18,147.36349615830918,0.21200222253455903,4.332197480900356
16750,24,9,2002,25563,Petrol,110,0,0,1600,3,4,5,19,1065,0,0,3,159.8843331912167,0.21200222253455903,2.642339933726462
16950,30,3,2002,64359,Petrol,110,1,0,1600,3,4,5,85,1105,1,1,3,253.69075663098172,0.21200222253455903,4.332197480900356
15950,30,3,2002,67660,Petrol,110,1,0,1600,3,4,5,85,1105,1,1,3,260.1153590236455,0.21200222253455903,4.332197480900356
16950,29,4,2002,43905,Petrol,110,0,1,1600,3,4,5,100,1170,0,1,3,209.53519990684143,0.21200222253455903,4.570881896148751
15950,28,5,2002,56349,Petrol,110,1,0,1600,3,4,5,85,1120,0,1,3,237.37944308638018,0.21200222253455903,4.332197480900356
16950,28,5,2002,32220,Petrol,110,1,0,1600,3,4,5,85,1120,1,1,3,179.4993036198191,0.21200222253455903,4.332197480900356
16250,29,4,2002,25813,Petrol,110,1,0,1600,3,4,5,85,1120,1,1,3,160.6642461781712,0.21200222253455903,4.332197480900356
15950,25,8,2002,28450,Petrol,110,1,0,1600,3,4,5,85,1120,0,1,3,168.67127793433,0.21200222253455903,4.332197480900356
17495,27,6,2002,34545,Petrol,110,1,0,1600,3,4,5,85,1120,1,1,3,185.86285266292455,0.21200222253455903,4.332197480900356
15750,29,4,2002,41415,Petrol,110,1,0,1600,3,4,5,85,1120,1,1,3,203.50675664458907,0.21200222253455903,4.332197480900356
16950,28,5,2002,44142,Petrol,110,0,0,1600,3,4,5,85,1120,1,1,3,210.09997620180732,0.21200222253455903,4.332197480900356
17950,30,3,2002,11090,Petrol,110,1,0,1600,3,4,5,85,1120,1,1,3,105.30906893520614,0.21200222253455903,4.332197480900356
12950,29,4,2002,9750,Petrol,97,1,0,1400,3,4,5,19,1100,1,1,12,98.74208829065749,0.22098628838275328,2.642339933726462
15750,22,11,2002,35199,Petrol,97,1,0,1400,3,4,5,85,1100,1,1,3,187.61396536505484,0.22098628838275328,4.332197480900356
15950,27,6,2002,29510,Petrol,97,1,0,1400,3,4,5,85,1100,1,1,3,171.78474903203718,0.22098628838275328,4.332197480900356
14950,26,7,2002,32692,Petrol,97,1,0,1400,3,4,5,85,1100,0,1,3,180.80929179663306,0.22098628838275328,4.332197480900356
15500,22,11,2002,41000,Petrol,97,1,0,1400,3,4,5,85,1100,0,0,3,202.48456731316588,0.22098628838275328,4.332197480900356
15750,26,7,2002,43000,Petrol,97,0,0,1400,3,4,5,85,1100,1,1,3,207.3644135332772,0.22098628838275328,4.332197480900356
15950,25,8,2002,25000,Petrol,97,0,0,1400,3,4,5,85,1100,0,1,3,158.11388300841898,0.22098628838275328,4.332197480900356
14950,23,10,2002,10000,Petrol,97,1,0,1400,3,4,5,85,1100,1,1,3,100,0.22098628838275328,4.332197480900356
15750,32,1,2002,25329,Petrol,97,1,0,1400,3,4,5,85,1100,1,1,3,159.15087181665075,0.22098628838275328,4.332197480900356
14750,27,6,2002,27500,Petrol,97,0,0,1400,3,4,5,85,1100,1,1,3,165.83123951777,0.22098628838275328,4.332197480900356
13950,22,11,2002,49059,Petrol,97,0,0,1400,3,4,5,85,1100,0,1,3,221.49266353538664,0.22098628838275328,4.332197480900356
16750,27,6,2002,44068,Petrol,97,1,0,1400,3,4,5,85,1100,1,1,3,209.9237956973911,0.22098628838275328,4.332197480900356
13950,22,11,2002,46961,Petrol,97,0,0,1400,3,4,5,85,1100,1,1,3,216.70486842708448,0.22098628838275328,4.332197480900356
16950,27,6,2002,110404,Diesel,90,0,0,2000,5,4,5,234,1255,1,1,3,332.2709737548557,0.22651656746142707,6.051196179189053
16950,22,11,2002,100250,Diesel,90,0,0,2000,5,4,5,234,1255,1,1,3,316.62280397975127,0.22651656746142707,6.051196179189053
19000,23,10,2002,84000,Diesel,90,0,0,2000,5,4,5,234,1270,0,1,3,289.8275349237888,0.22651656746142707,6.051196179189053
17950,27,6,2002,79375,Diesel,90,1,0,2000,5,4,5,234,1255,0,1,3,281.73569173961613,0.22651656746142707,6.051196179189053
15800,22,11,2002,75048,Petrol,97,1,0,1400,5,4,5,85,1110,0,1,3,273.94890034457154,0.22098628838275328,4.332197480900356
17950,22,11,2002,72215,Diesel,90,1,0,2000,5,4,5,234,1255,1,1,3,268.72848751109365,0.22651656746142707,6.051196179189053
21950,31,2,2002,64982,Petrol,192,1,0,1800,5,4,6,100,1195,1,1,3,254.91567233106716,0.17640487975723823,4.570881896148751
17950,22,11,2002,62636,Diesel,90,1,0,2000,5,4,5,234,1255,1,1,3,250.27185219277058,0.22651656746142707,6.051196179189053
15750,30,3,2002,57086,Petrol,97,1,0,1400,5,4,5,85,1110,0,1,3,238.92676702286832,0.22098628838275328,4.332197480900356
20500,26,7,2002,56000,Petrol,110,1,1,1600,5,4,5,100,1180,1,1,3,236.64319132398464,0.21200222253455903,4.570881896148751
21950,27,6,2002,49866,Petrol,192,1,0,1800,5,4,5,100,1195,0,1,13,223.30696361734894,0.17640487975723823,4.570881896148751
15500,25,8,2002,49163,Petrol,110,0,1,1600,5,4,5,100,1165,0,1,3,221.72731000036958,0.21200222253455903,4.570881896148751
13250,32,1,2002,45725,Petrol,110,1,0,1600,5,4,5,85,1075,1,1,3,213.83404780343096,0.21200222253455903,4.332197480900356
15250,28,5,2002,43210,Petrol,97,0,0,1400,5,4,5,85,1110,0,1,3,207.87015177749788,0.22098628838275328,4.332197480900356
15250,26,7,2002,43000,Petrol,97,0,0,1400,5,4,5,85,1110,1,1,3,207.3644135332772,0.22098628838275328,4.332197480900356
18950,23,10,2002,39704,Petrol,110,1,1,1600,5,4,5,100,1180,1,1,3,199.25862591115097,0.21200222253455903,4.570881896148751
15999,30,3,2002,38950,Petrol,110,1,0,1600,5,4,5,85,1130,0,1,3,197.3575435599055,0.21200222253455903,4.332197480900356
14950,22,11,2002,37400,Petrol,97,1,0,1400,5,4,5,85,1110,0,1,3,193.39079605813717,0.22098628838275328,4.332197480900356
16500,27,6,2002,37177,Petrol,110,0,0,1600,5,4,5,85,1130,0,1,3,192.81338127837498,0.21200222253455903,4.332197480900356
18750,31,2,2002,36544,Petrol,110,1,0,1600,5,4,5,85,1130,1,1,3,191.16485032557634,0.21200222253455903,4.332197480900356
17950,30,3,2002,33511,Petrol,110,1,0,1600,5,4,5,85,1130,1,1,3,183.06009942092788,0.21200222253455903,4.332197480900356
17950,27,6,2002,32809,Petrol,97,1,0,1400,5,4,5,85,1110,0,1,3,181.13254815189896,0.22098628838275328,4.332197480900356
16950,26,7,2002,32181,Petrol,110,1,0,1600,5,4,5,19,1075,0,1,12,179.39063520708098,0.21200222253455903,2.642339933726462
18950,28,5,2002,30993,Petrol,110,1,0,1600,5,4,5,85,1130,1,1,3,176.04828883008207,0.21200222253455903,4.332197480900356
14950,22,11,2002,30400,Petrol,97,1,0,1400,5,4,5,85,1110,0,1,3,174.35595774162695,0.22098628838275328,4.332197480900356
22250,22,11,2002,30000,Diesel,110,1,0,2000,5,4,5,234,1275,1,1,3,173.20508075688772,0.21200222253455903,6.051196179189053
15950,25,8,2002,29719,Petrol,97,1,0,1400,5,4,5,85,1110,1,1,3,172.3919951737899,0.22098628838275328,4.332197480900356
15950,28,5,2002,29206,Petrol,97,1,0,1400,5,4,5,85,1110,1,1,3,170.89763017666453,0.22098628838275328,4.332197480900356
12995,32,1,2002,29198,Petrol,97,1,0,1400,5,4,5,85,1060,1,1,3,170.87422274878094,0.22098628838275328,4.332197480900356
18950,28,5,2002,28817,Petrol,110,1,0,1598,5,4,5,85,1130,1,1,3,169.75570682601514,0.21200222253455903,4.332197480900356
15750,23,10,2002,28227,Petrol,97,1,0,1400,5,4,5,85,1110,0,1,3,168.0089283341811,0.22098628838275328,4.332197480900356
19950,28,5,2002,28000,Petrol,110,0,0,1600,5,4,5,85,1130,1,0,3,167.33200530681512,0.21200222253455903,4.332197480900356
16950,23,10,2002,28000,Petrol,110,1,0,1600,5,4,5,85,1115,1,1,3,167.33200530681512,0.21200222253455903,4.332197480900356
18750,31,2,2002,25266,Petrol,110,1,0,1600,5,4,5,85,1130,1,1,3,158.9528231897754,0.21200222253455903,4.332197480900356
18450,27,6,2002,23489,Petrol,110,0,0,1600,5,4,5,85,1115,0,1,3,153.26121492406355,0.21200222253455903,4.332197480900356
16895,29,4,2002,22575,Petrol,110,1,0,1600,5,4,5,85,1115,1,1,3,150.2497920131672,0.21200222253455903,4.332197480900356
14900,30,3,2002,22000,Petrol,97,1,0,1400,5,4,5,85,1110,1,1,3,148.32396974191326,0.22098628838275328,4.332197480900356
18950,25,8,2002,20019,Petrol,110,1,1,16000,5,4,5,100,1180,0,0,3,141.4885154349992,0.21200222253455903,4.570881896148751
17250,29,4,2002,20000,Petrol,110,1,0,1600,5,4,5,85,1115,1,1,3,141.4213562373095,0.21200222253455903,4.332197480900356
15450,25,8,2002,17003,Petrol,97,1,0,1400,5,4,5,85,1110,0,1,3,130.3955520713801,0.22098628838275328,4.332197480900356
17950,31,2,2002,16238,Petrol,110,1,1,1600,5,4,5,100,1180,1,1,3,127.42841127472319,0.21200222253455903,4.570881896148751
16650,25,8,2002,15414,Petrol,97,1,0,1400,5,4,5,85,1110,1,1,3,124.15313125330347,0.22098628838275328,4.332197480900356
17450,28,5,2002,8537,Petrol,110,1,0,1600,5,4,5,85,1130,0,1,3,92.39588735436226,0.21200222253455903,4.332197480900356
14900,30,3,2002,7000,Petrol,97,1,0,1400,5,4,5,85,1100,0,0,12,83.66600265340756,0.22098628838275328,4.332197480900356
17950,20,1,2003,66966,Diesel,90,1,0,2000,3,4,5,210,1245,0,1,3,258.77789704686916,0.22651656746142707,5.838917879920168
15950,19,2,2003,51884,Petrol,97,1,0,1400,3,4,5,85,1100,1,1,3,227.78059618852524,0.22098628838275328,4.332197480900356
21950,19,2,2003,50005,Diesel,110,1,0,2000,3,4,5,234,1265,1,1,3,223.61797781037194,0.21200222253455903,6.051196179189053
16450,20,1,2003,48110,Petrol,97,1,0,1400,3,4,5,85,1100,1,1,3,219.33991884743642,0.22098628838275328,4.332197480900356
22250,20,1,2003,37500,Diesel,90,1,0,2000,3,4,5,234,1260,0,1,3,193.64916731037084,0.22651656746142707,6.051196179189053
19950,16,5,2003,34472,Diesel,90,1,0,1995,3,4,5,234,1260,0,0,3,185.66636744440282,0.22651656746142707,6.051196179189053
15950,20,1,2003,33329,Petrol,97,1,0,1400,3,4,5,85,1100,0,1,3,182.56231812726304,0.22098628838275328,4.332197480900356
18900,20,1,2003,31850,Petrol,110,0,0,1600,3,4,5,85,1120,0,1,20,178.46568297574746,0.21200222253455903,4.332197480900356
19950,17,4,2003,30351,Diesel,90,1,0,1995,3,4,5,234,1260,0,0,3,174.21538393609217,0.22651656746142707,6.051196179189053
15950,19,2,2003,29435,Petrol,97,1,0,1400,3,4,5,85,1100,0,1,3,171.56631370988887,0.22098628838275328,4.332197480900356
15950,19,2,2003,25948,Petrol,97,1,0,1400,3,4,5,85,1100,1,1,3,161.08382910770405,0.22098628838275328,4.332197480900356
18750,11,10,2003,24500,Petrol,110,1,0,1600,3,4,5,85,1120,0,0,3,156.52475842498527,0.21200222253455903,4.332197480900356
17450,18,3,2003,23902,Petrol,97,1,0,1400,3,4,5,85,1100,1,1,3,154.60271666435878,0.22098628838275328,4.332197480900356
18990,20,1,2003,23175,Petrol,110,1,0,1600,3,4,5,85,1120,1,1,3,152.2333734763833,0.21200222253455903,4.332197480900356
16250,19,2,2003,19200,Petrol,97,1,0,1400,3,4,5,85,1100,0,1,3,138.5640646055102,0.22098628838275328,4.332197480900356
18500,13,8,2003,18000,Petrol,71,0,0,1400,3,4,5,85,1125,0,1,12,134.16407864998737,0.24495411800515124,4.332197480900356
18500,11,10,2003,16123,Petrol,110,1,0,1600,3,4,5,85,1105,1,1,3,126.97637575549241,0.21200222253455903,4.332197480900356
19450,11,10,2003,14635,Petrol,110,1,1,1600,3,4,5,100,1155,1,1,3,120.97520407091694,0.21200222253455903,4.570881896148751
16950,19,2,2003,13748,Petrol,97,1,0,1400,3,4,5,85,1100,1,1,3,117.25186565679883,0.22098628838275328,4.332197480900356
18800,14,7,2003,11500,Petrol,110,1,0,1600,3,4,5,69,1045,0,0,12,107.23805294763608,0.21200222253455903,4.044084299509897
17450,17,4,2003,10000,Petrol,97,1,0,1400,3,4,5,85,1100,1,1,3,100,0.22098628838275328,4.332197480900356
17950,20,1,2003,7187,Petrol,110,1,0,1600,3,4,5,85,1105,1,1,3,84.77617589865682,0.21200222253455903,4.332197480900356
32500,4,5,2004,1,Diesel,116,0,0,2000,5,4,5,283,1480,1,1,3,1,0.20831899108719124,6.443020656714825
31000,4,5,2004,4000,Diesel,116,1,0,2000,5,4,5,283,1480,0,1,3,63.245553203367585,0.20831899108719124,6.443020656714825
31275,4,5,2004,1500,Diesel,116,1,0,2000,5,4,5,283,1480,1,1,3,38.72983346207417,0.20831899108719124,6.443020656714825
24950,8,1,2004,13253,Diesel,116,1,0,2000,5,4,5,234,1320,0,0,3,115.12167476196652,0.20831899108719124,6.051196179189053
24950,8,1,2004,13253,Diesel,116,1,0,2000,5,4,5,234,1320,0,0,3,115.12167476196652,0.20831899108719124,6.051196179189053
22950,7,2,2004,10000,Diesel,116,1,0,2000,5,4,5,234,1270,0,1,3,100,0.20831899108719124,6.051196179189053
24990,8,1,2004,6000,Diesel,90,1,0,2000,5,4,5,234,1280,1,1,3,77.45966692414834,0.22651656746142707,6.051196179189053
21950,8,1,2004,10841,Diesel,90,1,0,2000,5,4,5,234,1270,0,1,3,104.12012293500234,0.22651656746142707,6.051196179189053
17900,7,2,2004,1,Petrol,110,1,0,1600,3,4,5,85,1105,0,1,3,1,0.21200222253455903,4.332197480900356
19250,20,1,2003,63000,Diesel,90,1,0,2000,5,4,5,234,1255,0,1,3,250.99800796022265,0.22651656746142707,6.051196179189053
22250,17,4,2003,57313,Diesel,110,1,0,2000,5,4,5,234,1275,1,1,3,239.40133667128927,0.21200222253455903,6.051196179189053
18950,13,8,2003,57037,Petrol,110,0,0,1600,5,4,5,85,1115,0,1,3,238.8242031285774,0.21200222253455903,4.332197480900356
19950,19,2,2003,51099,Diesel,90,1,0,2000,5,4,5,234,1255,0,0,3,226.0508792285489,0.22651656746142707,6.051196179189053
16350,14,7,2003,40010,Petrol,110,1,0,1600,5,4,5,85,1115,1,1,3,200.02499843769527,0.21200222253455903,4.332197480900356
18950,20,1,2003,39115,Petrol,110,1,0,1600,5,4,5,85,1130,1,1,3,197.775124826152,0.21200222253455903,4.332197480900356
16950,17,4,2003,36012,Petrol,110,0,0,1600,5,4,5,85,1130,1,1,3,189.76827975191216,0.21200222253455903,4.332197480900356
21750,16,5,2003,36000,Petrol,110,1,0,1600,5,4,5,85,1130,1,1,3,189.73665961010275,0.21200222253455903,4.332197480900356
15950,20,1,2003,36000,Petrol,110,1,0,1600,5,4,5,19,1075,0,1,3,189.73665961010275,0.21200222253455903,2.642339933726462
16500,20,1,2003,35000,Petrol,97,1,0,1400,5,4,5,85,1110,0,0,3,187.08286933869707,0.22098628838275328,4.332197480900356
17950,17,4,2003,33740,Petrol,97,1,0,1400,5,4,5,85,1135,0,1,3,183.6845121397011,0.22098628838275328,4.332197480900356
15850,13,8,2003,33477,Petrol,110,1,0,1600,5,4,5,19,1075,0,0,3,182.96721017712437,0.21200222253455903,2.642339933726462
16250,20,1,2003,32627,Petrol,97,1,0,1400,5,4,5,85,1110,0,1,3,180.6294549623621,0.22098628838275328,4.332197480900356
15950,20,1,2003,29797,Petrol,97,1,0,1400,5,4,5,85,1110,1,1,3,172.61807553092464,0.22098628838275328,4.332197480900356
16250,19,2,2003,29441,Petrol,97,1,0,1400,5,4,5,85,1110,0,1,3,171.583798768998,0.22098628838275328,4.332197480900356
15950,13,8,2003,29371,Petrol,110,1,0,1600,4,4,5,19,1105,0,0,24,171.37969541342989,0.21200222253455903,2.642339933726462
16500,20,1,2003,29000,Petrol,97,0,0,1400,5,4,5,85,1110,0,1,3,170.29386365926402,0.22098628838275328,4.332197480900356
16500,19,2,2003,27821,Petrol,97,0,0,1400,5,4,5,85,1110,1,1,3,166.79628293220446,0.22098628838275328,4.332197480900356
18450,19,2,2003,27371,Petrol,97,0,0,1400,5,4,5,85,1135,0,1,3,165.44183267843718,0.22098628838275328,4.332197480900356
16250,13,8,2003,25170,Petrol,110,1,0,1600,5,4,5,19,1105,0,0,24,158.65055940651453,0.21200222253455903,2.642339933726462
23000,11,10,2003,25000,Diesel,116,1,0,2000,5,4,5,64,1320,0,0,3,158.11388300841898,0.20831899108719124,3.944930817973437
19900,20,1,2003,23000,Petrol,110,1,0,1600,5,4,5,85,1130,0,0,3,151.65750888103102,0.21200222253455903,4.332197480900356
16450,20,1,2003,22588,Petrol,97,1,0,1400,5,4,5,85,1110,1,1,3,150.2930470780335,0.22098628838275328,4.332197480900356
23950,19,2,2003,21684,Petrol,192,1,0,1800,5,4,5,19,1185,0,1,12,147.25488107359973,0.17640487975723823,2.642339933726462
19950,13,8,2003,21428,Petrol,110,1,0,1600,5,4,5,85,1130,1,1,3,146.3830591291219,0.21200222253455903,4.332197480900356
18500,16,5,2003,20629,Petrol,110,1,0,1600,4,4,5,85,1090,1,1,3,143.62799170078233,0.21200222253455903,4.332197480900356
18950,15,6,2003,20270,Petrol,110,1,0,1600,5,4,5,85,1130,1,1,3,142.3727502017152,0.21200222253455903,4.332197480900356
16450,16,5,2003,20105,Petrol,97,0,0,1400,5,4,5,85,1110,1,1,3,141.79210133149166,0.22098628838275328,4.332197480900356
20500,20,1,2003,20000,Petrol,110,0,1,1600,5,4,5,100,1165,0,1,3,141.4213562373095,0.21200222253455903,4.570881896148751
24500,13,8,2003,19988,Petrol,110,1,0,1600,5,4,5,85,1130,1,1,3,141.37892346456738,0.21200222253455903,4.332197480900356
19450,19,2,2003,18328,Petrol,110,0,0,1600,5,4,5,85,1130,1,1,3,135.3809440061636,0.21200222253455903,4.332197480900356
20950,14,7,2003,17896,Petrol,110,1,1,1600,4,4,5,85,1150,0,1,3,133.77593206552515,0.21200222253455903,4.332197480900356
17200,20,1,2003,17300,Petrol,97,1,0,1400,5,4,5,85,1110,1,1,3,131.52946437965906,0.22098628838275328,4.332197480900356
19950,19,2,2003,17038,Petrol,110,0,0,1600,5,4,5,85,1130,1,1,3,130.5296901091855,0.21200222253455903,4.332197480900356
18450,10,11,2003,13747,Petrol,97,1,0,1400,5,4,5,85,1110,1,1,3,117.24760125478048,0.22098628838275328,4.332197480900356
19500,12,9,2003,13634,Petrol,110,1,0,1600,5,4,5,85,1115,1,1,3,116.76472069936193,0.21200222253455903,4.332197480900356
21750,13,8,2003,13178,Petrol,110,1,0,1600,5,4,5,85,1130,1,1,3,114.79547029391011,0.21200222253455903,4.332197480900356
16868,15,6,2003,13157,Petrol,97,1,0,1400,4,4,5,85,1085,1,1,3,114.70396680150168,0.22098628838275328,4.332197480900356
19500,16,5,2003,13000,Petrol,110,1,0,1600,4,4,5,85,1105,1,1,3,114.0175425099138,0.21200222253455903,4.332197480900356
18900,11,10,2003,12500,Petrol,110,1,0,1600,5,4,5,85,1115,1,1,3,111.80339887498948,0.21200222253455903,4.332197480900356
19750,17,4,2003,11999,Petrol,110,1,0,1600,5,4,5,85,1130,0,1,3,109.53994705129266,0.21200222253455903,4.332197480900356
19750,16,5,2003,11754,Petrol,110,0,1,1600,5,4,5,100,1180,0,1,3,108.41586599755591,0.21200222253455903,4.570881896148751
18950,16,5,2003,11000,Petrol,110,1,0,1600,4,4,5,85,1105,1,1,3,104.88088481701516,0.21200222253455903,4.332197480900356
20750,17,4,2003,10000,Petrol,110,0,0,1598,5,4,5,85,1105,0,1,12,100,0.21200222253455903,4.332197480900356
19600,9,12,2003,7650,Petrol,110,1,0,1600,5,4,5,85,1115,0,1,3,87.46427842267951,0.21200222253455903,4.332197480900356
19500,14,7,2003,6500,Petrol,110,1,0,1600,4,4,5,85,1100,0,1,28,80.62257748298549,0.21200222253455903,4.332197480900356
17650,11,10,2003,6155,Petrol,97,1,0,1400,5,4,5,85,1110,1,1,3,78.45380806563821,0.22098628838275328,4.332197480900356
19950,14,7,2003,6000,Petrol,110,0,0,1600,5,4,5,85,1130,0,1,3,77.45966692414834,0.21200222253455903,4.332197480900356
19950,14,7,2003,5459,Petrol,110,1,0,1600,5,4,5,85,1130,0,1,3,73.8850458482635,0.21200222253455903,4.332197480900356
20950,14,7,2003,5278,Petrol,110,1,1,1600,4,4,5,85,1150,1,1,3,72.64984514780468,0.21200222253455903,4.332197480900356
20500,12,9,2003,5000,Petrol,110,1,0,1600,5,4,5,85,1130,1,1,3,70.71067811865476,0.21200222253455903,4.332197480900356
17795,9,12,2003,1,Petrol,98,1,0,1400,4,4,5,19,1065,0,0,36,1,0.22023959259745077,2.642339933726462
18245,9,12,2003,1,Petrol,110,1,0,1600,5,4,5,19,1075,0,0,36,1,0.21200222253455903,2.642339933726462
23750,8,1,2004,11000,Petrol,110,1,0,1600,5,4,5,85,1130,0,1,24,104.88088481701516,0.21200222253455903,4.332197480900356
19500,8,1,2004,10077,Petrol,97,1,0,1400,5,4,5,85,1110,1,1,3,100.38426171467319,0.22098628838275328,4.332197480900356
18950,8,1,2004,10000,Petrol,97,1,0,1400,5,4,5,85,1110,0,1,3,100,0.22098628838275328,4.332197480900356
21950,8,1,2004,9788,Petrol,110,1,0,1600,5,4,5,85,1130,1,1,3,98.93432164825309,0.21200222253455903,4.332197480900356
19950,8,1,2004,8574,Petrol,110,1,0,1600,5,4,5,85,1130,1,1,3,92.59589623736032,0.21200222253455903,4.332197480900356
18950,8,1,2004,7000,Petrol,110,0,0,1600,5,4,5,85,1115,0,1,3,83.66600265340756,0.21200222253455903,4.332197480900356
19950,7,2,2004,6250,Petrol,110,1,0,1600,5,4,5,85,1115,0,1,3,79.05694150420949,0.21200222253455903,4.332197480900356
21950,8,1,2004,5000,Petrol,110,1,0,1600,5,4,5,85,1130,0,1,3,70.71067811865476,0.21200222253455903,4.332197480900356
22500,6,3,2004,3000,Petrol,110,0,0,1600,5,4,5,85,1130,1,1,3,54.772255750516614,0.21200222253455903,4.332197480900356
18500,7,2,2004,2000,Petrol,110,0,0,1600,5,4,5,19,1075,0,1,24,44.721359549995796,0.21200222253455903,2.642339933726462
18700,7,2,2004,450,Petrol,97,1,0,1400,5,4,5,85,1110,0,1,3,21.213203435596427,0.22098628838275328,4.332197480900356
21125,2,7,2004,225,Petrol,97,1,0,1400,5,4,5,85,1110,1,1,3,15,0.22098628838275328,4.332197480900356
21500,2,7,2004,15,Petrol,110,1,0,1600,5,4,5,85,1130,1,1,3,3.872983346207417,0.21200222253455903,4.332197480900356
17795,1,8,2004,1,Petrol,98,1,0,1400,4,4,5,19,1100,0,0,36,1,0.22023959259745077,2.642339933726462
18245,1,8,2004,1,Petrol,110,1,0,1600,5,4,5,19,1075,0,0,36,1,0.21200222253455903,2.642339933726462
6950,43,2,2001,243000,Diesel,69,0,0,1900,3,4,5,185,1110,0,1,3,492.9503017546495,0.24727476628545803,5.599724624165487
9500,38,7,2001,180638,Diesel,90,0,0,2000,4,4,5,210,1160,0,1,3,425.0152938424687,0.22651656746142707,5.838917879920168
11950,40,5,2001,179860,Diesel,90,1,0,2000,5,4,5,210,1205,0,1,3,424.09904503547284,0.22651656746142707,5.838917879920168
7750,43,2,2001,178858,CNG,110,0,0,1600,3,4,5,197,1084,0,1,3,422.91606732305644,0.21200222253455903,5.717074539885062
11950,40,5,2001,161000,Diesel,69,1,0,1900,3,4,5,185,1105,0,1,3,401.24805295477756,0.24727476628545803,5.599724624165487
4350,44,1,2001,158320,Diesel,69,0,0,1800,5,4,5,64,1110,0,0,3,397.89445836804515,0.24727476628545803,3.944930817973437
4750,44,1,2001,131273,Diesel,69,1,0,1800,5,4,5,64,1110,0,0,3,362.31616027994113,0.24727476628545803,3.944930817973437
11750,40,5,2001,130062,Diesel,69,1,0,1900,5,4,5,185,1140,0,1,3,360.64109582797136,0.24727476628545803,5.599724624165487
13250,41,4,2001,123425,Diesel,69,1,0,1900,5,4,5,185,1140,0,1,3,351.31894341182345,0.24727476628545803,5.599724624165487
11950,37,8,2001,118217,Petrol,110,1,0,1600,5,4,5,85,1075,0,1,3,343.8269913779312,0.21200222253455903,4.332197480900356
11900,44,1,2001,110000,Diesel,69,1,0,1900,5,4,5,185,1095,0,0,6,331.66247903554,0.24727476628545803,5.599724624165487
14750,39,6,2001,108847,Diesel,90,1,0,2000,5,4,5,210,1205,0,1,3,329.91968719674793,0.22651656746142707,5.838917879920168
9950,42,3,2001,105699,Petrol,97,1,0,1400,3,4,5,69,1025,0,1,3,325.1138262209099,0.22098628838275328,4.044084299509897
11950,39,6,2001,98823,CNG,110,1,0,1600,5,4,5,197,1119,1,1,3,314.36125715488544,0.21200222253455903,5.717074539885062
11495,44,1,2001,96829,Petrol,110,1,0,1600,5,4,5,85,1075,1,1,3,311.1735849971845,0.21200222253455903,4.332197480900356
11250,40,5,2001,96518,Petrol,97,1,0,1400,3,4,5,69,1025,0,1,12,310.6734620143793,0.22098628838275328,4.044084299509897
10500,42,3,2001,92204,Petrol,110,1,0,1600,5,4,5,85,1075,1,1,3,303.65111559156173,0.21200222253455903,4.332197480900356
10450,35,10,2001,91456,Diesel,69,1,0,1900,3,4,5,185,1110,0,1,3,302.4169307429728,0.24727476628545803,5.599724624165487
12950,43,2,2001,89968,Diesel,69,1,0,1900,5,4,5,185,1140,0,0,3,299.94666192508294,0.24727476628545803,5.599724624165487
11500,44,1,2001,89757,Petrol,110,1,0,1600,3,4,5,69,1045,1,1,3,299.5947262553198,0.21200222253455903,4.044084299509897
12500,40,5,2001,85389,Petrol,110,1,0,1600,5,4,5,85,1075,0,1,3,292.21396270541214,0.21200222253455903,4.332197480900356
10950,43,2,2001,85017,Petrol,97,0,0,1400,5,4,5,85,1060,1,1,3,291.57674804414705,0.22098628838275328,4.332197480900356
11450,41,4,2001,84312,Petrol,110,0,0,1600,5,4,5,85,1080,0,1,3,290.3652871815087,0.21200222253455903,4.332197480900356
11950,37,8,2001,82743,CNG,110,1,0,1600,5,4,5,197,1121,1,1,3,287.65083000054074,0.21200222253455903,5.717074539885062
13250,41,4,2001,81106,Diesel,69,1,0,1900,5,4,5,185,1140,0,1,3,284.791151547937,0.24727476628545803,5.599724624165487
14750,40,5,2001,80425,Diesel,90,1,0,2000,5,4,5,210,1205,0,1,3,283.59301824974466,0.22651656746142707,5.838917879920168
11790,34,11,2001,78677,Petrol,110,1,1,1600,5,4,5,85,1105,0,1,3,280.49420671379295,0.21200222253455903,4.332197480900356
11450,40,5,2001,78425,Petrol,110,1,0,1600,5,4,5,85,1075,0,1,3,280.04463929880893,0.21200222253455903,4.332197480900356
13500,33,12,2001,78108,Diesel,90,1,0,2000,3,4,5,210,1170,1,1,3,279.4780850084672,0.22651656746142707,5.838917879920168
10950,33,12,2001,77321,Petrol,110,1,0,1600,5,4,5,85,1075,0,1,3,278.06653879961897,0.21200222253455903,4.332197480900356
13500,33,12,2001,75699,Diesel,69,0,0,1900,3,4,5,185,1105,1,1,3,275.13451255704,0.24727476628545803,5.599724624165487
10950,41,4,2001,75697,Petrol,97,1,0,1400,3,4,5,69,1025,1,1,3,275.13087794720536,0.22098628838275328,4.044084299509897
10950,44,1,2001,74846,Petrol,97,1,0,1400,3,4,5,69,1025,1,1,3,273.5799700270471,0.22098628838275328,4.044084299509897
12950,38,7,2001,74319,Petrol,110,1,0,1600,5,4,5,85,1075,1,1,3,272.6151133007853,0.21200222253455903,4.332197480900356
11950,43,2,2001,74285,Petrol,110,1,0,1600,5,4,5,85,1075,0,1,6,272.55274718850296,0.21200222253455903,4.332197480900356
12450,44,1,2001,74172,Petrol,110,1,0,1600,5,4,5,163,1615,1,1,3,272.34536897109155,0.21200222253455903,5.370588894380936
11950,40,5,2001,73042,Petrol,110,1,0,1598,5,4,5,85,1075,1,1,3,270.26283503286203,0.21200222253455903,4.332197480900356
14950,44,1,2001,71793,CNG,110,1,0,1600,4,4,5,197,1067,1,1,3,267.94215793711896,0.21200222253455903,5.717074539885062
12450,35,10,2001,71200,Petrol,110,1,0,1600,5,4,5,85,1075,0,1,3,266.8332812825267,0.21200222253455903,4.332197480900356
12950,38,7,2001,67805,Petrol,110,1,0,1600,5,4,5,85,1075,1,1,3,260.3939323409822,0.21200222253455903,4.332197480900356
11950,35,10,2001,65988,Petrol,110,1,0,1600,3,4,5,69,1040,1,1,3,256.88129554329174,0.21200222253455903,4.044084299509897
11690,34,11,2001,65345,Petrol,97,1,0,1400,5,4,5,85,1060,1,1,3,255.6266809235687,0.22098628838275328,4.332197480900356
12450,42,3,2001,64564,Petrol,110,1,0,1600,5,4,5,85,1080,1,1,3,254.0944706206729,0.21200222253455903,4.332197480900356
12750,36,9,2001,63459,Petrol,97,1,0,1400,5,4,5,85,1060,1,1,3,251.91069846276875,0.22098628838275328,4.332197480900356
11925,44,1,2001,63451,Petrol,97,0,0,1400,3,4,5,69,1025,1,1,3,251.89481931949294,0.22098628838275328,4.044084299509897
12950,33,12,2001,62000,Petrol,110,1,0,1600,5,4,5,19,1075,1,0,12,248.99799195977465,0.21200222253455903,2.642339933726462
11950,42,3,2001,61300,Petrol,97,1,0,1400,3,4,5,69,1030,1,1,3,247.58836806279893,0.22098628838275328,4.044084299509897
12900,41,4,2001,61200,Petrol,110,1,0,1600,3,4,5,69,1045,1,1,3,247.38633753705963,0.21200222253455903,4.044084299509897
11900,41,4,2001,61000,Petrol,110,0,0,1600,5,4,5,85,1075,0,1,3,246.9817807045694,0.21200222253455903,4.332197480900356
11650,38,7,2001,60829,Petrol,110,1,0,1600,5,4,5,85,1075,1,1,3,246.63535837344978,0.21200222253455903,4.332197480900356
10950,44,1,2001,60500,Petrol,110,0,0,1600,5,4,5,85,1075,1,1,12,245.96747752497686,0.21200222253455903,4.332197480900356
13950,35,10,2001,59500,Diesel,69,1,0,1900,3,4,5,64,1110,1,0,12,243.92621835300935,0.24727476628545803,3.944930817973437
13950,44,1,2001,59000,Petrol,110,0,1,1600,5,4,5,85,1110,0,1,3,242.8991560298224,0.21200222253455903,4.332197480900356
11950,40,5,2001,58954,Petrol,110,1,0,1600,5,4,5,85,1080,0,1,12,242.8044480646926,0.21200222253455903,4.332197480900356
10950,38,7,2001,58798,Petrol,110,1,0,1600,5,4,5,85,1075,1,1,3,242.48298909408058,0.21200222253455903,4.332197480900356
12450,38,7,2001,58363,Petrol,110,1,0,1600,3,4,5,85,1055,0,1,3,241.5843537980057,0.21200222253455903,4.332197480900356
11950,43,2,2001,58277,Petrol,110,1,0,1600,3,4,5,69,1045,0,1,3,241.40629652103112,0.21200222253455903,4.044084299509897
13500,33,12,2001,57711,Diesel,90,1,0,2000,3,4,5,210,1165,1,1,3,240.23113869771336,0.22651656746142707,5.838917879920168
11690,33,12,2001,57269,Petrol,110,1,0,1600,5,4,5,85,1075,1,1,3,239.30942313247925,0.21200222253455903,4.332197480900356
13500,39,6,2001,56001,Petrol,110,1,0,1600,5,4,5,85,1075,1,1,3,236.64530420018903,0.21200222253455903,4.332197480900356
11950,42,3,2001,55968,Petrol,110,0,0,1600,3,4,5,69,1050,1,1,3,236.57556932193992,0.21200222253455903,4.044084299509897
12900,39,6,2001,55678,Petrol,110,1,0,1600,4,4,5,69,1030,1,1,3,235.96186132508788,0.21200222253455903,4.044084299509897
13500,43,2,2001,55539,Petrol,110,1,0,1600,5,4,5,85,1085,1,1,3,235.66713814191405,0.21200222253455903,4.332197480900356
11750,42,3,2001,55400,Petrol,110,0,0,1600,5,4,5,85,1075,1,1,3,235.3720459187964,0.21200222253455903,4.332197480900356
11750,33,12,2001,55350,Petrol,110,0,0,1600,5,4,5,85,1075,1,1,3,235.26580712037182,0.21200222253455903,4.332197480900356
10850,43,2,2001,54600,Petrol,110,0,0,1600,4,4,5,69,1030,1,1,3,233.66642891095844,0.21200222253455903,4.044084299509897
11750,43,2,2001,53773,Petrol,110,1,0,1600,5,4,5,85,1075,1,1,3,231.89006015782564,0.21200222253455903,4.332197480900356
14950,42,3,2001,53719,Petrol,110,1,1,1600,5,4,5,85,1105,1,1,3,231.77359642547725,0.21200222253455903,4.332197480900356
9940,39,6,2001,53644,Petrol,110,1,0,1600,5,4,5,19,1075,0,0,3,231.61174408911134,0.21200222253455903,2.642339933726462
12900,42,3,2001,53350,Petrol,110,0,0,1600,5,4,5,85,1075,1,1,12,230.97618924902196,0.21200222253455903,4.332197480900356
13500,38,7,2001,53000,Petrol,110,1,0,1600,5,4,5,85,1075,0,1,6,230.21728866442677,0.21200222253455903,4.332197480900356
11750,44,1,2001,52084,Petrol,97,1,0,1400,3,4,5,69,1025,1,1,3,228.21919288263203,0.22098628838275328,4.044084299509897
11950,44,1,2001,52000,Petrol,97,0,0,1400,3,4,5,69,1025,0,1,3,228.0350850198276,0.22098628838275328,4.044084299509897
13450,33,12,2001,51945,Petrol,110,1,0,1600,5,4,5,85,1075,0,1,3,227.91445763707048,0.21200222253455903,4.332197480900356
11950,41,4,2001,51732,Petrol,97,1,0,1400,3,4,5,69,1025,0,1,3,227.4466970522984,0.22098628838275328,4.044084299509897
12495,39,6,2001,50873,Petrol,110,1,0,1600,5,4,5,85,1075,1,1,3,225.55043781824057,0.21200222253455903,4.332197480900356
13500,41,4,2001,50856,Petrol,110,0,0,1600,4,4,5,69,1030,0,1,12,225.51274908527898,0.21200222253455903,4.044084299509897
12750,40,5,2001,50640,Petrol,110,1,0,1600,5,4,5,85,1075,0,1,3,225.03333086456325,0.21200222253455903,4.332197480900356
12000,39,6,2001,50000,Petrol,97,1,0,1400,5,4,5,85,1060,0,0,3,223.60679774997897,0.22098628838275328,4.332197480900356
11950,38,7,2001,49500,Petrol,110,1,0,1600,5,4,5,85,1075,1,1,3,222.48595461286988,0.21200222253455903,4.332197480900356
12495,44,1,2001,49332,Petrol,110,1,0,1600,5,4,5,85,1080,1,1,3,222.10808179802913,0.21200222253455903,4.332197480900356
12450,34,11,2001,49291,Petrol,110,1,0,1600,3,4,5,69,1040,1,1,3,222.01576520598712,0.21200222253455903,4.044084299509897
14750,40,5,2001,48952,Diesel,90,1,0,2000,5,4,5,210,1205,0,1,3,221.25098869835588,0.22651656746142707,5.838917879920168
10950,39,6,2001,48945,Petrol,110,0,0,1600,3,4,5,69,1040,0,1,3,221.23516899444357,0.21200222253455903,4.044084299509897
13500,33,12,2001,48928,Diesel,69,1,0,1900,3,4,5,185,1105,1,1,3,221.19674500317586,0.24727476628545803,5.599724624165487
12950,38,7,2001,48197,Petrol,110,1,0,1600,5,4,5,85,1075,1,1,3,219.53815158190613,0.21200222253455903,4.332197480900356
13500,35,10,2001,48052,Diesel,69,1,0,1900,3,4,5,185,1105,1,1,3,219.20766409959302,0.24727476628545803,5.599724624165487
13450,34,11,2001,48011,Petrol,110,1,0,1600,4,4,5,69,1030,1,1,3,219.11412551453637,0.21200222253455903,4.044084299509897
13500,43,2,2001,48000,Petrol,110,1,0,1600,5,4,5,85,1075,0,0,6,219.08902300206645,0.21200222253455903,4.332197480900356
11480,41,4,2001,47350,Petrol,110,1,0,1600,5,4,5,85,1075,1,1,3,217.60055146988944,0.21200222253455903,4.332197480900356
13450,39,6,2001,46821,Petrol,97,1,0,1400,5,4,5,85,1060,1,1,3,216.38160735145675,0.22098628838275328,4.332197480900356
11495,39,6,2001,46694,Petrol,110,0,0,1600,3,4,5,69,1040,1,1,3,216.08794505941324,0.21200222253455903,4.044084299509897
12750,43,2,2001,46515,Petrol,97,0,0,1400,5,4,5,69,1025,0,0,12,215.6733641412402,0.22098628838275328,4.044084299509897
14990,38,7,2001,46327,Petrol,110,1,0,1600,3,4,5,85,1055,1,1,3,215.23707859009795,0.21200222253455903,4.332197480900356
12950,35,10,2001,46304,Petrol,97,1,0,1400,5,4,5,85,1060,1,1,3,215.18364250100424,0.22098628838275328,4.332197480900356
12950,40,5,2001,45886,Petrol,110,1,0,1600,5,4,5,85,1080,1,1,3,214.2101771625242,0.21200222253455903,4.332197480900356
12850,39,6,2001,45713,Petrol,97,1,0,1400,5,4,5,19,1085,0,1,6,213.80598681982693,0.22098628838275328,2.642339933726462
13950,40,5,2001,45600,Petrol,110,1,1,1600,5,4,5,85,1105,0,1,3,213.5415650406262,0.21200222253455903,4.332197480900356
11950,41,4,2001,45287,Petrol,110,1,0,1600,5,4,5,85,1075,0,1,3,212.80742468250492,0.21200222253455903,4.332197480900356
12950,39,6,2001,45081,Petrol,110,1,0,1600,5,4,5,85,1075,1,1,3,212.32286735064596,0.21200222253455903,4.332197480900356
11700,40,5,2001,44830,Petrol,110,1,0,1600,5,4,5,85,1075,0,1,3,211.730961363708,0.21200222253455903,4.332197480900356
9950,37,8,2001,44757,Petrol,97,0,0,1400,3,4,5,69,1025,0,1,3,211.5585025471678,0.22098628838275328,4.044084299509897
11895,44,1,2001,44218,Petrol,97,1,0,1400,5,4,5,85,1060,1,1,3,210.28076469330236,0.22098628838275328,4.332197480900356
12950,43,2,2001,43632,Petrol,110,1,0,1600,5,4,5,85,1075,0,1,3,208.88274222635053,0.21200222253455903,4.332197480900356
12500,36,9,2001,43427,Petrol,110,1,0,1600,3,4,5,69,1040,1,1,3,208.39145855816645,0.21200222253455903,4.044084299509897
13875,39,6,2001,43254,Petrol,110,1,0,1600,5,4,5,85,1075,1,1,3,207.97596014924417,0.21200222253455903,4.332197480900356
10500,35,10,2001,43000,Petrol,110,0,0,1600,3,4,5,69,1050,0,1,3,207.3644135332772,0.21200222253455903,4.044084299509897
12295,33,12,2001,42823,Petrol,110,1,0,1600,5,4,5,85,1075,1,1,3,206.9371885379716,0.21200222253455903,4.332197480900356
13950,42,3,2001,42560,Petrol,110,1,0,1600,5,4,5,85,1080,1,1,3,206.30075133164203,0.21200222253455903,4.332197480900356
10950,38,7,2001,41754,Petrol,110,0,0,1600,3,4,5,69,1040,0,1,3,204.33795535827406,0.21200222253455903,4.044084299509897
12950,44,1,2001,41499,CNG,110,1,0,1600,5,4,5,197,1103,1,1,3,203.71303345637952,0.21200222253455903,5.717074539885062
12850,40,5,2001,41339,Petrol,110,1,0,1600,5,4,5,85,1080,1,1,3,203.31994491441316,0.21200222253455903,4.332197480900356
13995,35,10,2001,41000,Petrol,110,1,0,1600,5,4,5,85,1075,1,1,3,202.48456731316588,0.21200222253455903,4.332197480900356
13750,39,6,2001,40000,Petrol,110,1,0,1600,3,4,5,85,1055,0,1,3,200,0.21200222253455903,4.332197480900356
12750,37,8,2001,39757,Petrol,110,1,0,1600,5,4,5,85,1075,1,1,3,199.39157454616782,0.21200222253455903,4.332197480900356
12500,41,4,2001,39659,Petrol,110,1,0,1600,3,4,5,69,1045,1,1,3,199.14567532336724,0.21200222253455903,4.044084299509897
13950,43,2,2001,39650,Petrol,110,0,0,1600,3,4,5,85,1055,0,1,3,199.12307751739877,0.21200222253455903,4.332197480900356
11500,39,6,2001,39524,Petrol,97,1,0,1398,3,4,5,69,1025,1,1,3,198.80643852752857,0.22098628838275328,4.044084299509897
13950,44,1,2001,39516,Petrol,97,1,0,1400,5,4,5,85,1060,1,1,3,198.78631743658818,0.22098628838275328,4.332197480900356
11895,41,4,2001,39439,Petrol,97,0,0,1400,5,4,5,85,1060,1,1,3,198.59254769502303,0.22098628838275328,4.332197480900356
9950,44,1,2001,39000,Petrol,97,1,0,1400,3,4,5,69,1025,0,1,3,197.48417658131498,0.22098628838275328,4.044084299509897
13500,42,3,2001,38932,Petrol,110,1,0,1600,3,4,5,69,1040,0,1,12,197.3119357768303,0.21200222253455903,4.044084299509897
11450,37,8,2001,38812,Petrol,97,0,0,1400,3,4,5,69,1025,1,1,3,197.00761406605582,0.22098628838275328,4.044084299509897
12450,42,3,2001,38665,Petrol,110,1,0,1600,5,4,5,85,1075,1,1,3,196.6341781074694,0.21200222253455903,4.332197480900356
12950,40,5,2001,38653,Petrol,110,1,0,1600,5,4,5,85,1080,1,1,3,196.60366222428308,0.21200222253455903,4.332197480900356
13995,44,1,2001,38461,Petrol,110,1,0,1600,5,4,5,85,1080,1,1,3,196.1147623204332,0.21200222253455903,4.332197480900356
11750,42,3,2001,38078,Petrol,97,0,0,1400,3,4,5,69,1025,0,1,3,195.13585011473418,0.22098628838275328,4.044084299509897
11650,39,6,2001,37782,Petrol,97,1,0,1400,5,4,5,85,1060,0,1,3,194.37592443510076,0.22098628838275328,4.332197480900356
9950,43,2,2001,37576,Petrol,97,0,0,1400,3,4,5,69,1030,0,1,3,193.84529914341488,0.22098628838275328,4.044084299509897
13950,41,4,2001,37533,Petrol,110,1,0,1600,5,4,5,85,1075,0,1,3,193.73435420699138,0.21200222253455903,4.332197480900356
12950,44,1,2001,37389,Petrol,110,1,0,1600,5,4,5,85,1080,1,1,3,193.3623541437164,0.21200222253455903,4.332197480900356
10950,38,7,2001,37320,Petrol,97,1,0,1400,3,4,5,69,1025,0,1,3,193.183850256692,0.22098628838275328,4.044084299509897
9900,42,3,2001,37000,Petrol,97,1,0,1400,3,4,5,69,1025,1,1,3,192.35384061671346,0.22098628838275328,4.044084299509897
11950,44,1,2001,37000,Petrol,110,0,0,1600,4,4,5,19,1075,0,1,3,192.35384061671346,0.21200222253455903,2.642339933726462
11990,40,5,2001,36566,Petrol,110,0,0,1600,5,4,5,85,1090,1,1,3,191.22238362702208,0.21200222253455903,4.332197480900356
10750,36,9,2001,36269,Petrol,110,1,0,1600,5,4,5,85,1075,0,1,3,190.4442175546425,0.21200222253455903,4.332197480900356
13950,37,8,2001,36074,Petrol,110,1,1,1600,5,4,5,19,1075,0,1,12,189.9315666233499,0.21200222253455903,2.642339933726462
11250,44,1,2001,36066,Petrol,110,1,0,1600,3,4,5,69,1040,1,1,3,189.9105052386518,0.21200222253455903,4.044084299509897
12950,39,6,2001,34599,Petrol,110,1,0,1600,5,4,5,85,1075,0,1,3,186.00806434130752,0.21200222253455903,4.332197480900356
11950,41,4,2001,34000,Petrol,110,1,0,1600,5,4,5,85,1075,0,1,3,184.39088914585776,0.21200222253455903,4.332197480900356
10950,42,3,2001,33623,Petrol,97,1,0,1400,3,4,5,69,1025,0,1,3,183.36575470899686,0.22098628838275328,4.044084299509897
12950,33,12,2001,33591,Petrol,110,1,0,1600,5,4,5,85,1075,0,1,3,183.27847664142126,0.21200222253455903,4.332197480900356
12950,35,10,2001,33258,Petrol,110,1,0,1600,5,4,5,85,1075,1,1,3,182.36776030866858,0.21200222253455903,4.332197480900356
11695,43,2,2001,33113,Petrol,110,1,0,1600,5,4,5,85,1075,1,1,3,181.96977771047588,0.21200222253455903,4.332197480900356
11000,41,4,2001,33000,Petrol,110,1,1,1600,5,4,6,19,1075,0,0,3,181.6590212458495,0.21200222253455903,2.642339933726462
13950,35,10,2001,32941,Petrol,110,1,0,1600,5,4,5,85,1080,1,1,3,181.49655644116226,0.21200222253455903,4.332197480900356
11950,38,7,2001,32781,Petrol,110,0,0,1600,5,4,5,85,1075,1,1,3,181.05524018928588,0.21200222253455903,4.332197480900356
11750,40,5,2001,32532,Petrol,110,1,0,1600,3,4,5,69,1040,1,1,3,180.3662939686903,0.21200222253455903,4.044084299509897
12400,34,11,2001,32431,Petrol,97,1,0,1400,5,4,5,85,1060,1,1,3,180.08609052339384,0.22098628838275328,4.332197480900356
12500,35,10,2001,32000,Petrol,110,0,0,1600,3,4,5,69,1040,0,1,3,178.88543819998318,0.21200222253455903,4.044084299509897
12900,33,12,2001,31000,Petrol,110,1,0,1600,5,4,5,19,1075,0,1,6,176.0681686165901,0.21200222253455903,2.642339933726462
12200,41,4,2001,30989,Petrol,110,0,0,1600,3,4,5,69,1045,0,1,3,176.03692794411063,0.21200222253455903,4.044084299509897
12750,43,2,2001,30742,Petrol,110,1,0,1600,3,4,5,69,1040,1,1,3,175.33396704574957,0.21200222253455903,4.044084299509897
11950,42,3,2001,30190,Petrol,110,1,0,1600,5,4,5,85,1075,1,1,3,173.75269782078206,0.21200222253455903,4.332197480900356
11900,41,4,2001,29716,Petrol,116,1,0,1600,5,4,5,85,1075,0,1,3,172.38329385413192,0.20831899108719124,4.332197480900356
11950,44,1,2001,29716,Petrol,110,1,1,1600,3,4,5,85,1070,1,1,3,172.38329385413192,0.21200222253455903,4.332197480900356
14950,42,3,2001,29640,Petrol,110,0,0,1600,3,4,5,85,1055,1,1,3,172.16271373325876,0.21200222253455903,4.332197480900356
11950,41,4,2001,29056,Petrol,97,1,0,1400,5,4,5,85,1060,1,1,3,170.45820602130013,0.22098628838275328,4.332197480900356
12950,33,12,2001,28715,Petrol,110,1,0,1600,5,4,5,85,1075,1,1,3,169.45500877814146,0.21200222253455903,4.332197480900356
14950,41,4,2001,28571,Petrol,110,0,0,1600,5,4,5,85,1090,1,1,3,169.0295832095672,0.21200222253455903,4.332197480900356
13450,40,5,2001,28362,Petrol,110,1,0,1600,3,4,5,69,1040,0,1,3,168.4102134669985,0.21200222253455903,4.044084299509897
13750,38,7,2001,28150,Petrol,110,1,0,1600,5,4,5,85,1075,0,1,3,167.77961735562516,0.21200222253455903,4.332197480900356
12950,43,2,2001,27301,Petrol,110,1,0,1600,3,4,5,69,1040,1,1,3,165.23014252853503,0.21200222253455903,4.044084299509897
12750,33,12,2001,27240,Petrol,110,1,0,1600,5,4,5,85,1075,0,0,12,165.04544828622207,0.21200222253455903,4.332197480900356
11895,39,6,2001,27170,Petrol,97,1,0,1400,5,4,5,85,1060,1,1,3,164.83324907311632,0.22098628838275328,4.332197480900356
9950,42,3,2001,27141,Petrol,97,1,0,1400,5,4,5,85,1060,1,1,3,164.74525789836866,0.22098628838275328,4.332197480900356
12450,38,7,2001,26262,Petrol,110,1,0,1600,5,4,5,85,1075,0,1,3,162.05554603283406,0.21200222253455903,4.332197480900356
12500,38,7,2001,26000,Petrol,97,1,0,1400,5,4,5,85,1060,1,1,3,161.24515496597098,0.22098628838275328,4.332197480900356
14950,43,2,2001,25228,Petrol,110,1,0,1600,3,4,5,69,1045,1,1,3,158.8332458901473,0.21200222253455903,4.044084299509897
13750,39,6,2001,25062,Petrol,110,1,0,1600,5,4,5,85,1080,1,1,3,158.3098228158948,0.21200222253455903,4.332197480900356
12695,39,6,2001,24723,Petrol,110,1,1,1600,4,4,5,85,1060,1,1,3,157.23549217654391,0.21200222253455903,4.332197480900356
14990,33,12,2001,24650,Petrol,110,1,0,1600,3,4,5,85,1055,1,1,3,157.00318468107582,0.21200222253455903,4.332197480900356
12750,43,2,2001,24553,Petrol,110,1,0,1600,5,4,5,85,1080,1,1,3,156.69396925217,0.21200222253455903,4.332197480900356
14350,41,4,2001,24475,Petrol,110,1,0,1600,5,4,5,69,1030,0,1,12,156.44487847162014,0.21200222253455903,4.044084299509897
12950,39,6,2001,24444,Petrol,110,1,0,1600,3,4,5,69,1040,1,1,3,156.3457706495446,0.21200222253455903,4.044084299509897
11500,35,10,2001,24011,Petrol,97,0,0,1400,3,4,5,69,1025,1,1,3,154.9548321285916,0.22098628838275328,4.044084299509897
11950,41,4,2001,24000,Petrol,97,1,0,1400,3,4,5,69,1025,0,1,3,154.91933384829667,0.22098628838275328,4.044084299509897
13450,40,5,2001,23616,Petrol,110,1,0,1600,5,4,5,85,1075,0,1,3,153.67498169838836,0.21200222253455903,4.332197480900356
12900,38,7,2001,22865,Petrol,110,1,0,1600,5,4,5,85,1075,1,1,3,151.21177202850313,0.21200222253455903,4.332197480900356
10500,41,4,2001,22780,Petrol,86,1,0,1300,5,4,5,69,1035,1,1,3,150.93044755780724,0.22994052102000032,4.044084299509897
10950,35,10,2001,21904,Petrol,97,0,0,1400,3,4,5,69,1025,0,1,3,148,0.22098628838275328,4.044084299509897
11950,41,4,2001,21651,Petrol,97,0,0,1400,3,4,5,69,1025,1,1,3,147.1427877947132,0.22098628838275328,4.044084299509897
11450,37,8,2001,21500,Petrol,110,1,0,1600,5,4,5,69,1030,1,0,12,146.6287829861518,0.21200222253455903,4.044084299509897
13250,44,1,2001,21027,Petrol,110,1,0,1600,5,4,5,85,1080,1,1,3,145.00689638772357,0.21200222253455903,4.332197480900356
10250,39,6,2001,18500,Petrol,110,0,0,1600,4,4,5,69,1030,0,0,3,136.01470508735443,0.21200222253455903,4.044084299509897
13995,35,10,2001,18000,Petrol,110,1,0,1600,5,4,5,85,1075,1,1,3,134.16407864998737,0.21200222253455903,4.332197480900356
11950,40,5,2001,17051,Petrol,97,0,0,1400,5,4,5,85,1060,1,1,3,130.57947771376635,0.22098628838275328,4.332197480900356
13250,33,12,2001,16512,Petrol,97,1,0,1400,5,4,5,19,1085,0,1,3,128.49902723367208,0.22098628838275328,2.642339933726462
12950,40,5,2001,16325,Petrol,110,1,0,1600,5,4,5,85,1080,0,1,3,127.76932339180638,0.21200222253455903,4.332197480900356
11750,38,7,2001,16000,Petrol,97,1,0,1400,5,4,5,85,1060,0,1,3,126.49110640673517,0.22098628838275328,4.332197480900356
11500,39,6,2001,12000,Petrol,110,1,0,1600,5,4,5,85,1075,0,0,12,109.54451150103323,0.21200222253455903,4.332197480900356
13500,43,2,2001,10000,Petrol,97,1,0,1400,5,4,5,85,1060,0,0,6,100,0.22098628838275328,4.332197480900356
6500,53,4,2000,216000,Diesel,69,0,0,1900,3,4,5,185,1110,0,1,3,464.75800154489,0.24727476628545803,5.599724624165487
6400,51,6,2000,198167,Diesel,69,0,0,1900,4,4,5,185,1095,0,1,3,445.15952196937224,0.24727476628545803,5.599724624165487
7000,53,4,2000,176000,Diesel,69,0,0,1900,3,4,5,185,1105,0,1,3,419.52353926806063,0.24727476628545803,5.599724624165487
7750,54,3,2000,174139,Diesel,72,1,0,2000,4,4,5,185,1100,0,1,3,417.29965252801253,0.24382614716244752,5.599724624165487
8900,45,12,2000,174000,Diesel,69,1,0,1900,5,4,5,185,1095,0,0,6,417.1330722922842,0.24727476628545803,5.599724624165487
8500,55,2,2000,150000,CNG,110,1,0,1600,3,4,5,72,1075,0,0,6,387.2983346207417,0.21200222253455903,4.101282867475885
8950,54,3,2000,149329,Diesel,72,1,0,2000,5,4,5,185,1135,0,1,3,386.4311064083739,0.24382614716244752,5.599724624165487
9900,51,6,2000,146736,Petrol,110,1,0,1600,5,4,5,85,1080,0,1,3,383.0613527882968,0.21200222253455903,4.332197480900356
10250,53,4,2000,143513,Diesel,69,0,0,1900,5,4,5,185,1140,0,1,3,378.8310969284333,0.24727476628545803,5.599724624165487
9250,48,9,2000,142130,CNG,110,0,0,1600,5,4,5,197,1119,0,1,3,377.0013262576141,0.21200222253455903,5.717074539885062
7750,48,9,2000,140700,Diesel,69,1,0,1900,5,4,5,64,1110,0,1,3,375.09998667022103,0.24727476628545803,3.944930817973437
9450,54,3,2000,138394,Diesel,69,1,0,1900,4,4,5,185,1095,0,1,3,372.01344061740565,0.24727476628545803,5.599724624165487
7750,55,2,2000,137000,Diesel,72,1,0,2000,5,4,5,185,1135,0,0,3,370.1351104664349,0.24382614716244752,5.599724624165487
8250,52,5,2000,135258,Diesel,69,1,0,1900,5,4,5,185,1140,0,1,3,367.7743873626873,0.24727476628545803,5.599724624165487
9950,49,8,2000,131364,Petrol,110,1,0,1600,5,4,5,85,1075,0,1,3,362.44171945293493,0.21200222253455903,4.332197480900356
4450,56,1,2000,129155,Diesel,69,0,0,1800,5,4,5,64,1110,0,0,3,359.3814129862589,0.24727476628545803,3.944930817973437
9950,50,7,2000,126110,Petrol,110,0,0,1600,3,4,5,85,1055,0,1,3,355.1196981300812,0.21200222253455903,4.332197480900356
9000,48,9,2000,119742,Petrol,110,1,0,1600,5,4,5,85,1080,0,1,3,346.037570214565,0.21200222253455903,4.332197480900356
9950,53,4,2000,117913,Diesel,69,1,0,1900,5,4,5,64,1110,0,1,3,343.3846240005513,0.24727476628545803,3.944930817973437
12450,47,10,2000,117430,Diesel,90,1,0,2000,3,4,5,210,1165,0,1,3,342.68060931427095,0.22651656746142707,5.838917879920168
10500,55,2,2000,117175,Petrol,110,1,0,1600,4,4,5,69,1035,1,1,3,342.30834053525484,0.21200222253455903,4.044084299509897
10750,54,3,2000,115558,Petrol,110,1,0,1600,4,4,5,69,1035,1,1,3,339.93822968298224,0.21200222253455903,4.044084299509897
8950,53,4,2000,115113,Petrol,97,1,0,1400,3,4,5,69,1025,1,1,3,339.2830676588503,0.22098628838275328,4.044084299509897
10500,54,3,2000,115046,Diesel,69,1,0,1900,5,4,5,185,1140,0,1,3,339.1843156751208,0.24727476628545803,5.599724624165487
5150,56,1,2000,113997,Diesel,72,1,0,2000,5,4,5,64,1135,0,0,3,337.63441767687135,0.24382614716244752,3.944930817973437
10950,49,8,2000,107859,Petrol,97,0,0,1400,5,4,5,85,1060,1,1,3,328.4189397705315,0.22098628838275328,4.332197480900356
9450,52,5,2000,104805,Petrol,97,1,0,1400,3,4,5,69,1025,1,1,3,323.736003558455,0.22098628838275328,4.044084299509897
9950,54,3,2000,103454,Petrol,110,1,0,1600,5,4,5,85,1075,1,1,3,321.64265886228463,0.21200222253455903,4.332197480900356
10950,51,6,2000,103018,Diesel,69,0,0,1900,5,4,5,185,1140,0,1,3,320.96417245543154,0.24727476628545803,5.599724624165487
11900,47,10,2000,102352,Petrol,110,1,0,1600,5,4,5,85,1080,1,1,3,319.924991208877,0.21200222253455903,4.332197480900356
9950,50,7,2000,102030,Petrol,97,1,0,1400,5,4,5,85,1060,1,1,3,319.4213518223226,0.22098628838275328,4.332197480900356
11950,54,3,2000,101352,Petrol,110,0,0,1600,5,4,5,85,1080,1,1,3,318.3582887251406,0.21200222253455903,4.332197480900356
7900,50,7,2000,99865,Petrol,110,1,0,1600,4,4,5,69,1035,0,1,3,316.0142401854701,0.21200222253455903,4.044084299509897
10950,52,5,2000,99323,Petrol,110,1,0,1600,3,4,5,85,1055,1,1,3,315.155517165732,0.21200222253455903,4.332197480900356
8950,48,9,2000,98100,Diesel,69,1,0,1900,5,4,5,185,1140,0,1,3,313.2091952673165,0.24727476628545803,5.599724624165487
11950,51,6,2000,98040,Petrol,110,0,0,1600,5,4,5,85,1080,1,1,3,313.113397988652,0.21200222253455903,4.332197480900356
10900,49,8,2000,97600,Petrol,110,1,0,1600,3,4,5,69,1045,0,1,6,312.40998703626616,0.21200222253455903,4.044084299509897
9950,55,2,2000,97234,Petrol,110,0,0,1600,5,4,5,85,1080,0,1,3,311.8236681203016,0.21200222253455903,4.332197480900356
9950,51,6,2000,96135,Diesel,72,0,0,2000,3,4,5,185,1115,0,1,3,310.05644647386384,0.24382614716244752,5.599724624165487
10950,54,3,2000,96100,Petrol,110,1,0,1600,5,4,5,85,1080,1,1,3,310,0.21200222253455903,4.332197480900356
8950,55,2,2000,94401,Diesel,72,0,0,2000,3,4,5,185,1115,0,1,3,307.2474572718219,0.24382614716244752,5.599724624165487
8950,55,2,2000,94122,Petrol,86,1,0,1300,3,4,5,69,1015,0,1,3,306.7930898830676,0.22994052102000032,4.044084299509897
10500,49,8,2000,91340,Petrol,110,1,0,1600,3,4,5,85,1055,1,1,3,302.2250816858191,0.21200222253455903,4.332197480900356
8950,53,4,2000,90200,Petrol,97,0,0,1400,3,4,5,69,1025,0,1,3,300.33314835362415,0.22098628838275328,4.044084299509897
9250,53,4,2000,90097,Diesel,69,1,0,1900,5,4,5,185,1140,1,1,3,300.16162312993976,0.24727476628545803,5.599724624165487
11500,48,9,2000,89049,Petrol,97,1,0,1400,5,4,5,85,1060,0,1,12,298.41079068961295,0.22098628838275328,4.332197480900356
9750,52,5,2000,89000,Petrol,110,0,0,1600,5,4,5,85,1075,0,0,3,298.328677803526,0.21200222253455903,4.332197480900356
9950,45,12,2000,87274,Petrol,110,1,0,1600,3,4,5,69,1040,1,1,3,295.42173244363727,0.21200222253455903,4.044084299509897
11450,49,8,2000,86221,Petrol,110,0,0,1600,3,4,5,69,1045,1,1,3,293.6341260821024,0.21200222253455903,4.044084299509897
12500,54,3,2000,84598,Petrol,110,0,0,1600,5,4,5,19,1075,0,1,6,290.8573533538391,0.21200222253455903,2.642339933726462
10500,50,7,2000,83567,Petrol,110,0,0,1600,5,4,5,85,1075,0,1,3,289.0795738200816,0.21200222253455903,4.332197480900356
12950,50,7,2000,83106,Petrol,110,1,0,1600,5,4,5,85,1075,1,1,3,288.2811128048454,0.21200222253455903,4.332197480900356
12200,50,7,2000,82805,Petrol,110,1,0,1600,3,4,5,69,1040,1,1,3,287.75857936819193,0.21200222253455903,4.044084299509897
10950,50,7,2000,82735,Petrol,97,1,0,1400,3,4,5,69,1030,1,1,3,287.6369239162455,0.22098628838275328,4.044084299509897
10950,54,3,2000,81905,Petrol,110,1,0,1600,5,4,5,19,1105,0,1,6,286.1904959987316,0.21200222253455903,2.642339933726462
11290,49,8,2000,80320,Petrol,110,1,1,1600,3,4,5,85,1070,1,1,3,283.4078333426936,0.21200222253455903,4.332197480900356
10750,49,8,2000,80090,Petrol,97,1,0,1400,3,4,5,69,1030,0,1,6,283.0017667789373,0.22098628838275328,4.044084299509897
10895,53,4,2000,79800,Petrol,110,0,0,1600,5,4,5,85,1075,1,1,3,282.4889378365107,0.21200222253455903,4.332197480900356
11500,47,10,2000,78785,CNG,110,1,0,1600,5,4,5,197,1119,1,1,3,280.686658037036,0.21200222253455903,5.717074539885062
9750,48,9,2000,78600,Petrol,110,1,0,1600,5,4,5,85,1075,0,1,3,280.3569153775237,0.21200222253455903,4.332197480900356
10250,55,2,2000,77780,Petrol,110,0,0,1600,3,4,5,69,1040,0,1,3,278.89065957826557,0.21200222253455903,4.044084299509897
12500,49,8,2000,77648,Petrol,110,0,0,1600,4,4,5,69,1030,1,1,3,278.65390720390053,0.21200222253455903,4.044084299509897
11950,54,3,2000,77270,Petrol,110,1,0,1600,4,4,5,69,1035,1,1,3,277.9748190034486,0.21200222253455903,4.044084299509897
10750,50,7,2000,76167,Petrol,97,1,0,1400,5,4,5,85,1060,1,1,3,275.9836951705662,0.22098628838275328,4.332197480900356
11450,46,11,2000,75249,Petrol,110,1,0,1600,4,4,5,69,1035,1,1,3,274.3155117743071,0.21200222253455903,4.044084299509897
11950,54,3,2000,75231,Petrol,110,1,0,1600,5,4,5,85,1080,1,1,3,274.2827008763039,0.21200222253455903,4.332197480900356
11750,48,9,2000,75045,Petrol,110,1,0,1600,3,4,6,85,1055,0,0,6,273.943424816147,0.21200222253455903,4.332197480900356
10950,50,7,2000,74849,Petrol,110,1,1,1600,4,4,5,85,1060,1,1,3,273.5854528296415,0.21200222253455903,4.332197480900356
11950,55,2,2000,74715,Petrol,110,1,0,1600,5,4,5,85,1080,1,1,3,273.34044706190116,0.21200222253455903,4.332197480900356
10995,49,8,2000,74656,Diesel,69,0,0,1900,3,4,5,185,1105,1,1,3,273.23250172700904,0.24727476628545803,5.599724624165487
11450,56,1,2000,74500,Petrol,97,0,0,1400,3,4,5,69,1025,0,1,3,272.9468812791236,0.22098628838275328,4.044084299509897
8900,49,8,2000,74494,Petrol,110,1,0,1600,5,4,5,85,1075,1,1,3,272.9358899082347,0.21200222253455903,4.332197480900356
10500,50,7,2000,73634,Petrol,110,0,0,1587,5,4,5,85,1075,0,0,6,271.3558549211717,0.21200222253455903,4.332197480900356
11750,47,10,2000,73403,Petrol,110,1,0,1600,5,4,5,85,1075,1,1,3,270.9298802273385,0.21200222253455903,4.332197480900356
11450,49,8,2000,73175,Petrol,97,1,0,1400,3,4,5,69,1030,1,1,3,270.5087798944796,0.22098628838275328,4.044084299509897
12000,52,5,2000,73000,Petrol,110,0,0,1600,3,4,5,85,1055,0,1,3,270.1851217221259,0.21200222253455903,4.332197480900356
11950,50,7,2000,72242,Petrol,110,0,1,1600,3,4,5,85,1070,1,1,3,268.77871939571406,0.21200222253455903,4.332197480900356
9850,53,4,2000,72000,Petrol,97,1,0,1400,3,4,5,69,1025,0,0,3,268.32815729997475,0.22098628838275328,4.044084299509897
10950,54,3,2000,71725,Petrol,110,1,0,1600,4,4,5,69,1035,0,1,3,267.8152348168416,0.21200222253455903,4.044084299509897
10950,54,3,2000,71276,Petrol,110,0,0,1600,5,4,5,85,1080,0,1,3,266.97565432076385,0.21200222253455903,4.332197480900356
8695,50,7,2000,70440,Diesel,69,1,0,1900,3,4,5,185,1105,0,1,6,265.40535036053814,0.24727476628545803,5.599724624165487
10990,53,4,2000,70239,Petrol,110,0,0,1600,3,4,5,69,1040,0,1,3,265.0264137779478,0.21200222253455903,4.044084299509897
9500,55,2,2000,69813,Petrol,97,1,0,1400,3,4,5,69,1025,0,1,3,264.2214979898494,0.22098628838275328,4.044084299509897
11950,49,8,2000,69659,Petrol,86,0,0,1300,3,4,6,69,1025,0,1,3,263.9299149395536,0.22994052102000032,4.044084299509897
10750,46,11,2000,69574,Petrol,97,0,0,1400,5,4,5,85,1065,1,1,3,263.7688381898059,0.22098628838275328,4.332197480900356
8750,47,10,2000,69000,Diesel,69,1,0,1900,5,4,5,185,1140,0,1,3,262.67851073127395,0.24727476628545803,5.599724624165487
8750,49,8,2000,68565,Petrol,110,1,0,1600,4,4,5,69,1030,0,1,3,261.849193239162,0.21200222253455903,4.044084299509897
11450,55,2,2000,68520,Diesel,72,1,0,2000,3,4,5,185,1115,1,1,3,261.7632518135424,0.24382614716244752,5.599724624165487
9950,46,11,2000,68414,Petrol,97,0,0,1400,3,4,5,69,1025,1,1,3,261.5607004119694,0.22098628838275328,4.044084299509897
11950,56,1,2000,66777,Petrol,110,0,0,1600,5,4,5,85,1090,1,1,3,258.41246099985193,0.21200222253455903,4.332197480900356
13950,52,5,2000,66527,Petrol,110,1,0,1600,5,4,5,85,1080,1,1,3,257.92828460639987,0.21200222253455903,4.332197480900356
11250,54,3,2000,66063,Petrol,110,1,0,1600,5,4,5,85,1090,0,1,3,257.02723591090495,0.21200222253455903,4.332197480900356
10900,50,7,2000,65471,Petrol,97,1,0,1400,5,4,5,85,1060,0,1,3,255.87301538067666,0.22098628838275328,4.332197480900356
9750,56,1,2000,65400,Petrol,97,1,0,1400,3,4,5,69,1025,1,1,3,255.73423705088842,0.22098628838275328,4.044084299509897
9950,52,5,2000,65170,Petrol,97,1,0,1400,3,4,5,69,1025,1,1,3,255.28415540334657,0.22098628838275328,4.044084299509897
11950,56,1,2000,65000,Petrol,110,1,0,1600,5,4,5,19,1075,0,0,6,254.95097567963924,0.21200222253455903,2.642339933726462
10450,48,9,2000,64193,Petrol,110,1,0,1600,3,4,5,69,1040,0,1,3,253.3633754116802,0.21200222253455903,4.044084299509897
8950,54,3,2000,64000,Petrol,97,1,0,1400,3,4,5,69,1025,0,1,3,252.98221281347034,0.22098628838275328,4.044084299509897
10250,54,3,2000,63792,Petrol,110,1,0,1600,5,4,5,85,1075,0,1,3,252.57078215819027,0.21200222253455903,4.332197480900356
9930,53,4,2000,63635,Petrol,110,1,0,1600,4,4,5,69,1035,0,1,3,252.25978672788892,0.21200222253455903,4.044084299509897
10500,54,3,2000,63135,Petrol,110,1,0,1600,3,4,5,69,1050,1,1,3,251.2667904837406,0.21200222253455903,4.044084299509897
11950,54,3,2000,63123,Petrol,110,1,0,1600,4,4,5,69,1035,1,1,3,251.24291034773498,0.21200222253455903,4.044084299509897
11500,48,9,2000,63000,Diesel,69,1,0,1900,5,4,5,185,1140,0,1,6,250.99800796022265,0.24727476628545803,5.599724624165487
11500,55,2,2000,63000,Petrol,110,0,0,1600,4,4,5,69,1035,0,1,3,250.99800796022265,0.21200222253455903,4.044084299509897
11450,54,3,2000,62987,Petrol,110,0,0,1600,5,4,5,85,1080,0,1,3,250.97211000427916,0.21200222253455903,4.332197480900356
9900,56,1,2000,62751,Petrol,110,0,0,1600,3,4,5,69,1050,0,1,3,250.50149700151493,0.21200222253455903,4.044084299509897
9500,54,3,2000,62519,Petrol,97,0,0,1400,3,4,5,69,1025,0,1,3,250.0379971124389,0.22098628838275328,4.044084299509897
10500,50,7,2000,62280,Petrol,97,1,0,1400,5,4,5,85,1060,0,1,3,249.55961211702507,0.22098628838275328,4.332197480900356
10750,50,7,2000,61672,Petrol,110,0,0,1600,5,4,5,85,1075,0,0,12,248.33847869389874,0.21200222253455903,4.332197480900356
8950,54,3,2000,61000,Diesel,69,0,0,2000,5,4,5,185,1140,0,1,6,246.9817807045694,0.24727476628545803,5.599724624165487
12000,56,1,2000,61000,Petrol,110,1,0,1600,3,4,5,69,1050,1,1,3,246.9817807045694,0.21200222253455903,4.044084299509897
9940,53,4,2000,60558,Petrol,110,1,0,1600,4,4,5,19,1105,0,0,12,246.08535104715193,0.21200222253455903,2.642339933726462
10950,47,10,2000,60348,Petrol,110,0,0,1600,4,4,5,69,1030,1,1,3,245.65829926953415,0.21200222253455903,4.044084299509897
10750,54,3,2000,60239,Petrol,110,1,0,1600,5,4,5,85,1075,0,1,3,245.4363461266485,0.21200222253455903,4.332197480900356
9799,51,6,2000,59000,Petrol,97,1,0,1400,3,4,5,69,1025,0,1,6,242.8991560298224,0.22098628838275328,4.044084299509897
11750,51,6,2000,58761,Petrol,97,0,0,1300,5,4,5,85,1060,0,1,12,242.40668307618913,0.22098628838275328,4.332197480900356
11950,54,3,2000,58745,Petrol,110,1,0,1600,4,4,5,69,1035,1,1,3,242.3736784388932,0.21200222253455903,4.044084299509897
11250,52,5,2000,58596,Petrol,110,1,0,1600,3,4,5,69,1045,0,1,3,242.0661066733631,0.21200222253455903,4.044084299509897
11750,54,3,2000,58530,Petrol,110,0,0,1600,5,4,5,85,1075,0,1,3,241.92974186734463,0.21200222253455903,4.332197480900356
10950,55,2,2000,58377,Petrol,110,1,0,1600,3,4,5,69,1050,1,1,3,241.61332744697674,0.21200222253455903,4.044084299509897
11250,56,1,2000,58142,Petrol,110,1,0,1600,5,4,5,85,1080,1,1,3,241.1265228049374,0.21200222253455903,4.332197480900356
9950,53,4,2000,57948,Petrol,97,1,0,1400,3,4,5,69,1025,0,1,3,240.72390824344805,0.22098628838275328,4.044084299509897
9700,51,6,2000,57645,Petrol,110,0,0,1600,5,4,5,85,1080,0,1,3,240.0937316966022,0.21200222253455903,4.332197480900356
11950,47,10,2000,57500,Petrol,110,1,0,1600,4,4,5,19,1105,0,0,3,239.79157616563597,0.21200222253455903,2.642339933726462
9900,53,4,2000,57475,Petrol,110,0,0,1600,3,4,5,69,1040,0,1,3,239.73944189473704,0.21200222253455903,4.044084299509897
9990,55,2,2000,56743,Petrol,110,0,0,1600,3,4,5,69,1045,0,1,3,238.2078923965367,0.21200222253455903,4.044084299509897
9475,48,9,2000,56675,Petrol,97,1,0,1400,3,4,5,69,1025,0,1,3,238.06511714234827,0.22098628838275328,4.044084299509897
11500,54,3,2000,55877,Petrol,110,1,0,1600,5,4,5,85,1075,1,1,3,236.38316352904664,0.21200222253455903,4.332197480900356
11950,53,4,2000,55500,Petrol,110,1,0,1600,4,4,5,69,1035,1,1,12,235.58437978779492,0.21200222253455903,4.044084299509897
11500,55,2,2000,54900,Petrol,97,1,0,1400,5,4,5,85,1060,1,1,3,234.30749027719963,0.22098628838275328,4.332197480900356
10500,50,7,2000,54465,Petrol,110,0,0,1600,5,4,5,85,1075,0,1,3,233.37737679560973,0.21200222253455903,4.332197480900356
10900,46,11,2000,53700,Petrol,97,1,0,1400,5,4,5,85,1060,1,1,3,231.73260452512935,0.22098628838275328,4.332197480900356
11700,52,5,2000,53561,Petrol,97,1,0,1400,5,4,5,85,1060,1,1,3,231.43249555755995,0.22098628838275328,4.332197480900356
11900,51,6,2000,53408,Petrol,110,1,0,1600,5,4,5,85,1080,0,0,12,231.10170921046864,0.21200222253455903,4.332197480900356
13950,51,6,2000,53268,Petrol,110,1,0,1600,5,4,5,85,1080,1,1,3,230.79861351403306,0.21200222253455903,4.332197480900356
10950,49,8,2000,53116,Petrol,97,1,0,1400,3,4,5,69,1025,0,1,3,230.4690868641606,0.22098628838275328,4.044084299509897
10500,56,1,2000,52448,Petrol,97,0,0,1400,3,4,5,69,1025,1,1,3,229.01528333279418,0.22098628838275328,4.044084299509897
10750,55,2,2000,52149,Petrol,97,1,0,1400,3,4,5,19,1085,0,1,12,228.3615554334836,0.22098628838275328,2.642339933726462
11950,55,2,2000,52141,Petrol,110,1,0,1600,5,4,5,85,1070,1,1,3,228.3440386784818,0.21200222253455903,4.332197480900356
10000,56,1,2000,52000,Petrol,97,0,0,1400,3,4,5,69,1025,0,0,3,228.0350850198276,0.22098628838275328,4.044084299509897
10495,48,9,2000,50967,Petrol,97,1,0,1400,5,4,5,85,1060,1,1,3,225.75872076179027,0.22098628838275328,4.332197480900356
11450,50,7,2000,50400,Petrol,110,0,0,1600,5,4,5,85,1080,1,1,3,224.4994432064365,0.21200222253455903,4.332197480900356
9400,54,3,2000,50000,Petrol,97,1,0,1400,3,4,5,69,1025,0,1,3,223.60679774997897,0.22098628838275328,4.044084299509897
11950,51,6,2000,50000,Petrol,86,1,0,1300,5,4,5,69,1045,1,1,12,223.60679774997897,0.22994052102000032,4.044084299509897
9650,53,4,2000,49969,Petrol,110,0,0,1600,5,4,5,85,1075,0,1,3,223.53746889503782,0.21200222253455903,4.332197480900356
18950,49,8,2000,49568,Petrol,110,1,0,1600,3,4,5,19,1105,0,1,3,222.63872080121195,0.21200222253455903,2.642339933726462
11450,51,6,2000,49473,Petrol,110,0,0,1600,3,4,5,85,1055,1,1,3,222.42526834871975,0.21200222253455903,4.332197480900356
10250,52,5,2000,49432,Petrol,110,1,0,1600,3,4,5,69,1050,1,1,3,222.33308345813046,0.21200222253455903,4.044084299509897
11450,48,9,2000,49417,Petrol,110,1,0,1600,3,4,5,69,1045,1,1,3,222.29934772733816,0.21200222253455903,4.044084299509897
9950,54,3,2000,49366,Petrol,97,1,0,1400,3,4,5,69,1025,0,1,3,222.18460792773203,0.22098628838275328,4.044084299509897
10500,56,1,2000,48731,Petrol,110,1,0,1600,3,4,5,85,1055,1,1,3,220.75099093775322,0.21200222253455903,4.332197480900356
13750,54,3,2000,48370,Petrol,110,1,0,1600,5,4,5,85,1080,0,1,3,219.93180761317814,0.21200222253455903,4.332197480900356
9950,48,9,2000,48071,Petrol,97,0,0,1400,3,4,5,69,1025,1,1,3,219.2509977172282,0.22098628838275328,4.044084299509897
10250,54,3,2000,47852,Petrol,110,1,0,1600,4,4,5,69,1030,0,1,3,218.7509999977143,0.21200222253455903,4.044084299509897
10850,54,3,2000,47768,Petrol,110,0,0,1600,3,4,5,85,1055,1,1,3,218.55891654197043,0.21200222253455903,4.332197480900356
11895,52,5,2000,47689,Petrol,110,0,0,1600,5,4,5,85,1075,1,1,3,218.37811245635402,0.21200222253455903,4.332197480900356
12950,53,4,2000,47451,Petrol,110,1,0,1600,3,4,5,85,1055,0,1,3,217.8325044615702,0.21200222253455903,4.332197480900356
11950,50,7,2000,47219,Petrol,110,1,0,1600,5,4,5,85,1080,1,1,3,217.29933271871775,0.21200222253455903,4.332197480900356
10750,56,1,2000,47211,Petrol,110,1,0,1600,5,4,5,85,1070,1,1,3,217.28092415120108,0.21200222253455903,4.332197480900356
9550,54,3,2000,46856,Petrol,97,0,0,1400,5,4,5,85,1060,0,1,3,216.46246787838302,0.22098628838275328,4.332197480900356
10950,56,1,2000,46500,Petrol,86,0,0,1300,5,4,5,69,1035,1,1,12,215.63858652847824,0.22994052102000032,4.044084299509897
11750,52,5,2000,46449,Petrol,110,1,0,1600,4,4,5,69,1035,1,1,3,215.5203006679417,0.21200222253455903,4.044084299509897
10950,47,10,2000,46391,Petrol,110,0,0,1600,5,4,5,85,1075,0,1,12,215.3857005467169,0.21200222253455903,4.332197480900356
12450,54,3,2000,46230,Petrol,110,1,0,1600,3,4,5,85,1055,1,1,3,215.01162759255604,0.21200222253455903,4.332197480900356
10500,52,5,2000,46029,Petrol,110,1,0,1600,4,4,5,69,1030,1,1,3,214.5437018418392,0.21200222253455903,4.044084299509897
10900,50,7,2000,46000,Petrol,97,0,0,1400,3,4,5,69,1025,1,1,3,214.47610589527216,0.22098628838275328,4.044084299509897
12950,50,7,2000,45900,Petrol,110,1,0,1600,5,4,5,85,1075,1,1,3,214.2428528562855,0.21200222253455903,4.332197480900356
10950,47,10,2000,45850,Petrol,97,0,0,1400,5,4,5,85,1060,1,1,3,214.12613105363857,0.22098628838275328,4.332197480900356
12500,56,1,2000,45336,Petrol,110,1,0,1600,5,4,5,85,1080,1,1,3,212.92252111977257,0.21200222253455903,4.332197480900356
9950,55,2,2000,44537,Petrol,97,0,0,1400,3,4,5,69,1025,0,1,3,211.03791128610044,0.22098628838275328,4.044084299509897
10750,56,1,2000,43700,Petrol,86,1,0,1300,3,4,5,69,1025,1,1,3,209.04544960366871,0.22994052102000032,4.044084299509897
12500,48,9,2000,43120,Petrol,97,1,0,1400,3,4,5,69,1030,1,1,3,207.65355763867856,0.22098628838275328,4.044084299509897
10450,49,8,2000,41710,Petrol,110,0,0,1600,3,4,5,69,1040,1,0,12,204.2302622042091,0.21200222253455903,4.044084299509897
10750,52,5,2000,41700,Petrol,97,1,0,1400,3,4,5,69,1025,1,1,3,204.20577856662138,0.22098628838275328,4.044084299509897
12950,49,8,2000,41636,Petrol,110,1,0,1600,5,4,5,19,1105,0,1,12,204.04901371974333,0.21200222253455903,2.642339933726462
10995,50,7,2000,41273,Petrol,97,0,0,1400,5,4,5,85,1060,1,1,3,203.15757431117353,0.22098628838275328,4.332197480900356
11950,49,8,2000,40836,Petrol,110,0,1,1600,3,4,5,85,1075,1,1,3,202.07919239743612,0.21200222253455903,4.332197480900356
11250,50,7,2000,40400,Petrol,97,1,0,1400,5,4,5,85,1060,1,1,3,200.9975124224178,0.22098628838275328,4.332197480900356
11950,47,10,2000,40361,Petrol,110,1,0,1600,5,4,5,85,1090,0,1,3,200.90047287151916,0.21200222253455903,4.332197480900356
13750,54,3,2000,40325,Petrol,86,0,0,1300,5,4,5,69,1045,0,1,3,200.81085628023203,0.22994052102000032,4.044084299509897
11000,47,10,2000,40000,Petrol,110,0,0,1600,5,4,5,85,1080,0,0,3,200,0.21200222253455903,4.332197480900356
13500,50,7,2000,39706,Petrol,110,1,0,1600,5,4,5,85,1080,0,1,3,199.2636444512646,0.21200222253455903,4.332197480900356
10950,54,3,2000,39291,Petrol,110,1,0,1600,3,4,5,69,1040,0,1,3,198.219575218998,0.21200222253455903,4.044084299509897
10750,54,3,2000,39000,Petrol,97,0,0,1400,3,4,5,69,1025,0,1,3,197.48417658131498,0.22098628838275328,4.044084299509897
8950,47,10,2000,38900,Petrol,97,1,0,1400,3,4,5,69,1025,0,1,3,197.2308292331602,0.22098628838275328,4.044084299509897
12950,51,6,2000,38403,Petrol,110,0,0,1600,3,4,5,85,1055,0,1,3,195.9668339286013,0.21200222253455903,4.332197480900356
9750,56,1,2000,37461,Petrol,97,0,0,1400,3,4,5,69,1025,0,1,3,193.54844354837886,0.22098628838275328,4.044084299509897
10900,54,3,2000,37000,Petrol,97,1,0,1400,3,4,5,69,1025,1,1,3,192.35384061671346,0.22098628838275328,4.044084299509897
10995,55,2,2000,36406,Petrol,110,1,0,1600,4,4,5,69,1035,1,1,3,190.8035639080151,0.21200222253455903,4.044084299509897
10750,48,9,2000,36005,Petrol,97,1,0,1400,5,4,5,85,1065,1,1,3,189.74983530954646,0.22098628838275328,4.332197480900356
10950,52,5,2000,36000,Petrol,110,1,0,1600,5,4,5,85,1075,0,1,3,189.73665961010275,0.21200222253455903,4.332197480900356
13000,49,8,2000,36000,Petrol,110,0,0,1600,5,4,5,85,1080,1,1,3,189.73665961010275,0.21200222253455903,4.332197480900356
12950,45,12,2000,36000,Petrol,110,1,1,1600,3,4,5,85,1070,1,1,3,189.73665961010275,0.21200222253455903,4.332197480900356
11500,52,5,2000,35823,Petrol,110,0,0,1600,5,4,5,85,1075,1,1,3,189.26964891392387,0.21200222253455903,4.332197480900356
10950,56,1,2000,35230,Petrol,97,0,0,1400,3,4,5,69,1025,1,1,3,187.69656363396746,0.22098628838275328,4.044084299509897
11710,48,9,2000,35142,Petrol,110,0,0,1600,3,4,5,85,1055,0,1,3,187.46199614855274,0.21200222253455903,4.332197480900356
9980,49,8,2000,34890,Petrol,97,0,0,1400,3,4,5,69,1025,1,1,3,186.78865061882107,0.22098628838275328,4.044084299509897
12250,51,6,2000,34882,Petrol,110,1,0,1600,5,4,5,85,1075,1,1,3,186.76723481381845,0.21200222253455903,4.332197480900356
11500,46,11,2000,34000,Petrol,110,1,0,1600,5,4,5,85,1075,1,1,3,184.39088914585776,0.21200222253455903,4.332197480900356
11950,56,1,2000,33998,Petrol,110,0,0,1600,5,4,5,85,1080,1,1,12,184.3854658046561,0.21200222253455903,4.332197480900356
11500,55,2,2000,33230,Petrol,110,0,0,1600,3,4,5,69,1050,0,1,3,182.2909761891685,0.21200222253455903,4.044084299509897
11900,46,11,2000,33021,Petrol,110,1,0,1600,5,4,5,85,1080,1,1,3,181.7168126508937,0.21200222253455903,4.332197480900356
11930,49,8,2000,31999,Petrol,97,0,0,1400,3,4,5,69,1030,0,1,3,178.88264309317435,0.22098628838275328,4.044084299509897
10500,52,5,2000,31579,Petrol,97,0,0,1400,3,4,5,69,1025,0,1,3,177.70481141488546,0.22098628838275328,4.044084299509897
8950,56,1,2000,31000,Petrol,97,0,0,1400,3,4,5,69,1025,0,0,6,176.0681686165901,0.22098628838275328,4.044084299509897
10450,46,11,2000,30806,Petrol,97,1,0,1400,5,4,5,85,1060,1,1,3,175.51638100188825,0.22098628838275328,4.332197480900356
10500,55,2,2000,30461,Petrol,86,1,0,1300,5,4,5,69,1050,1,1,3,174.5307995741726,0.22994052102000032,4.044084299509897
12950,50,7,2000,29686,Petrol,110,1,1,1600,3,4,5,85,1075,1,1,3,172.29625648864226,0.21200222253455903,4.332197480900356
9950,55,2,2000,29650,Petrol,86,0,0,1300,3,4,6,69,1025,0,1,3,172.19175357722565,0.22994052102000032,4.044084299509897
12900,52,5,2000,29500,Petrol,110,1,0,1600,3,4,5,85,1055,1,1,3,171.75564037317667,0.21200222253455903,4.332197480900356
9950,48,9,2000,28656,Petrol,97,0,0,1400,3,4,5,19,1085,0,1,3,169.28083175599062,0.22098628838275328,2.642339933726462
9950,55,2,2000,27500,Petrol,97,1,0,1400,3,4,5,69,1025,1,1,3,165.83123951777,0.22098628838275328,4.044084299509897
10950,48,9,2000,26938,Petrol,110,1,0,1600,3,4,5,69,1040,0,0,12,164.12799883018133,0.21200222253455903,4.044084299509897
10950,53,4,2000,26624,Petrol,97,0,0,1400,5,4,5,85,1060,0,1,3,163.1686244349691,0.22098628838275328,4.332197480900356
9950,47,10,2000,26221,Petrol,97,1,0,1400,3,4,5,69,1025,0,1,3,161.92899678562824,0.22098628838275328,4.044084299509897
10950,50,7,2000,22648,Petrol,97,1,0,1400,5,4,5,85,1060,0,1,3,150.49252473129687,0.22098628838275328,4.332197480900356
10800,50,7,2000,22500,Petrol,97,1,0,1400,3,4,5,69,1025,0,1,3,150,0.22098628838275328,4.044084299509897
10500,56,1,2000,19313,Petrol,97,0,0,1400,3,4,5,69,1025,0,1,3,138.9712200421368,0.22098628838275328,4.044084299509897
10450,50,7,2000,17619,Petrol,110,0,0,1600,4,4,5,69,1030,0,1,3,132.7365812427004,0.21200222253455903,4.044084299509897
10600,51,6,2000,17069,Petrol,97,1,0,1400,3,4,5,69,1025,0,1,3,130.64838307457157,0.22098628838275328,4.044084299509897
10450,48,9,2000,15000,Petrol,97,1,0,1400,3,4,5,69,1025,1,1,3,122.47448713915891,0.22098628838275328,4.044084299509897
12950,50,7,2000,10210,Petrol,97,0,0,1400,5,4,5,85,1065,0,1,3,101.04454463255303,0.22098628838275328,4.332197480900356
11250,47,10,2000,5309,Petrol,110,1,1,1600,3,4,5,85,1070,0,1,3,72.86288492778748,0.21200222253455903,4.332197480900356
7500,50,7,2000,1,Diesel,90,1,0,2000,3,4,5,64,1260,0,0,3,1,0.22651656746142707,3.944930817973437
8950,52,5,2000,31000,Petrol,97,0,0,1398,3,4,5,69,1025,0,0,3,176.0681686165901,0.22098628838275328,4.044084299509897
6950,58,11,1999,205000,Diesel,72,1,0,2000,4,4,5,185,1100,0,1,3,452.76925690687085,0.24382614716244752,5.599724624165487
7900,68,1,1999,204250,Diesel,72,0,0,2000,3,4,5,185,1115,0,1,3,451.9402615390667,0.24382614716244752,5.599724624165487
5950,68,1,1999,194545,Petrol,86,0,0,1300,4,4,5,69,1000,0,1,3,441.0725563895355,0.22994052102000032,4.044084299509897
7500,59,10,1999,190900,Diesel,72,1,0,2000,3,4,5,185,1115,0,1,3,436.9210454990695,0.24382614716244752,5.599724624165487
7500,62,7,1999,183500,Diesel,72,1,0,2000,5,4,5,185,1140,0,1,3,428.3689998120779,0.24382614716244752,5.599724624165487
6900,65,4,1999,176184,Diesel,72,1,0,2000,3,4,5,185,1115,0,1,3,419.7427783774249,0.24382614716244752,5.599724624165487
5751,67,2,1999,174833,Diesel,72,0,0,2000,4,4,5,185,1100,0,1,3,418.13036244692876,0.24382614716244752,5.599724624165487
6950,68,1,1999,155720,Petrol,86,1,0,1300,3,4,5,69,1015,0,1,3,394.6137351892354,0.22994052102000032,4.044084299509897
7950,67,2,1999,155500,Petrol,110,1,0,1600,5,4,5,69,1050,0,1,6,394.3348830626071,0.21200222253455903,4.044084299509897
7750,59,10,1999,154783,Diesel,72,1,0,2000,3,4,5,185,1120,0,1,3,393.4247069008249,0.24382614716244752,5.599724624165487
7950,64,5,1999,154462,Diesel,72,1,0,2000,5,4,5,185,1135,0,1,3,393.0165390921863,0.24382614716244752,5.599724624165487
8250,64,5,1999,150585,Petrol,110,1,0,1600,3,4,6,85,1065,0,1,3,388.05283145468735,0.21200222253455903,4.332197480900356
6250,67,2,1999,149000,Diesel,90,1,0,2000,5,4,5,64,1135,0,0,3,386.00518131237567,0.22651656746142707,3.944930817973437
9500,62,7,1999,147636,Diesel,72,0,0,2000,5,4,5,185,1135,0,1,3,384.23430351804876,0.24382614716244752,5.599724624165487
6900,59,10,1999,144521,Diesel,72,1,0,2000,5,4,5,64,1135,0,0,3,380.1591771876617,0.24382614716244752,3.944930817973437
8450,64,5,1999,144000,CNG,110,1,0,1600,3,4,6,72,1065,0,1,3,379.4733192202055,0.21200222253455903,4.101282867475885
7350,65,4,1999,140168,Diesel,72,1,0,2000,3,4,5,185,1115,0,1,3,374.39017081114724,0.24382614716244752,5.599724624165487
8950,68,1,1999,140000,Petrol,110,1,0,1600,5,4,5,85,1085,0,1,3,374.16573867739413,0.21200222253455903,4.332197480900356
6900,60,9,1999,139800,Diesel,72,0,0,2000,3,4,5,185,1115,0,1,3,373.89838191679837,0.24382614716244752,5.599724624165487
8950,59,10,1999,137050,CNG,110,1,0,1600,3,4,5,197,1078,0,1,3,370.20264720825537,0.21200222253455903,5.717074539885062
8750,61,8,1999,136956,Petrol,110,0,0,1600,3,4,6,85,1065,0,1,3,370.07566793832854,0.21200222253455903,4.332197480900356
7950,67,2,1999,135337,CNG,110,1,0,1600,5,4,5,197,1120,0,1,3,367.8817744874024,0.21200222253455903,5.717074539885062
8950,64,5,1999,133769,Diesel,72,1,0,2000,3,4,5,185,1120,0,1,3,365.7444463009657,0.24382614716244752,5.599724624165487
8950,58,11,1999,133405,Diesel,72,1,0,2000,5,4,5,185,1135,0,1,3,365.24649211183396,0.24382614716244752,5.599724624165487
8950,65,4,1999,132807,Diesel,72,1,0,2000,5,4,5,185,1135,1,1,3,364.4269474119607,0.24382614716244752,5.599724624165487
7950,64,5,1999,132393,Diesel,72,0,0,2000,5,4,5,185,1135,0,1,3,363.8584889761403,0.24382614716244752,5.599724624165487
7750,60,9,1999,130270,Petrol,110,0,0,1600,3,4,5,69,1050,0,1,3,360.92935596872695,0.21200222253455903,4.044084299509897
7500,59,10,1999,130000,Diesel,72,1,0,2000,4,4,5,185,1135,0,1,3,360.5551275463989,0.24382614716244752,5.599724624165487
8950,67,2,1999,127000,Diesel,72,1,0,2000,5,4,5,185,1135,1,1,3,356.37059362410923,0.24382614716244752,5.599724624165487
9800,67,2,1999,126800,Diesel,72,0,0,2000,5,4,5,185,1135,0,1,3,356.08987629529713,0.24382614716244752,5.599724624165487
9450,66,3,1999,126452,Petrol,110,1,0,1600,5,4,5,85,1085,1,1,3,355.60089988637543,0.21200222253455903,4.332197480900356
8950,62,7,1999,125175,Diesel,116,0,0,2000,5,4,5,185,1150,0,0,3,353.80079140668977,0.20831899108719124,5.599724624165487
8750,68,1,1999,125000,Diesel,72,1,0,2000,3,4,5,185,1115,0,1,3,353.5533905932738,0.24382614716244752,5.599724624165487
10500,61,8,1999,123000,Diesel,72,0,0,2000,5,4,5,185,1135,1,1,3,350.71355833500365,0.24382614716244752,5.599724624165487
7995,59,10,1999,121626,Petrol,86,0,0,1300,5,4,5,69,1050,0,1,3,348.7491935474547,0.22994052102000032,4.044084299509897
10450,64,5,1999,120400,Petrol,110,0,0,1600,5,4,5,85,1090,0,1,3,346.98703145794946,0.21200222253455903,4.332197480900356
9950,66,3,1999,120000,Diesel,72,0,0,2000,4,4,5,185,1100,0,1,3,346.41016151377545,0.24382614716244752,5.599724624165487
9950,68,1,1999,119541,Petrol,110,0,0,1600,3,4,5,85,1055,0,1,3,345.747017340714,0.21200222253455903,4.332197480900356
8950,68,1,1999,119500,Petrol,110,1,0,1600,5,4,5,85,1070,1,0,12,345.6877203488721,0.21200222253455903,4.332197480900356
7950,68,1,1999,119289,Petrol,110,1,0,1600,4,4,5,69,1035,1,1,3,345.38239677204166,0.21200222253455903,4.044084299509897
10950,57,12,1999,118833,Petrol,110,0,0,1600,3,4,6,85,1065,1,1,3,344.7216268237315,0.21200222253455903,4.332197480900356
9950,64,5,1999,118000,Diesel,72,1,0,2000,5,4,5,185,1150,0,1,3,343.51128074635335,0.24382614716244752,5.599724624165487
8600,68,1,1999,117955,Petrol,110,1,1,1600,4,4,5,85,1065,1,1,3,343.4457744681102,0.21200222253455903,4.332197480900356
7250,65,4,1999,117609,Petrol,86,0,0,1300,3,4,5,69,1015,0,1,3,342.94168600507,0.22994052102000032,4.044084299509897
6950,68,1,1999,117000,Diesel,72,0,0,2000,3,4,5,185,1115,0,1,3,342.0526275297414,0.24382614716244752,5.599724624165487
8000,64,5,1999,116000,Petrol,86,0,0,1300,5,4,5,69,1045,0,0,3,340.58772731852804,0.22994052102000032,4.044084299509897
9950,58,11,1999,115715,Petrol,110,0,0,1600,5,4,5,85,1070,0,1,3,340.1690756079982,0.21200222253455903,4.332197480900356
9450,60,9,1999,115191,CNG,110,1,0,1600,4,4,5,197,1079,1,1,3,339.3979964584352,0.21200222253455903,5.717074539885062
7950,68,1,1999,115071,Petrol,110,1,0,1600,3,4,5,85,1055,0,1,3,339.22116679240406,0.21200222253455903,4.332197480900356
9450,63,6,1999,115000,CNG,110,0,0,1600,3,4,5,197,1109,0,1,6,339.1164991562634,0.21200222253455903,5.717074539885062
9950,64,5,1999,114846,Petrol,110,1,0,1600,5,4,5,85,1075,1,1,3,338.88936247690043,0.21200222253455903,4.332197480900356
6950,65,4,1999,114383,Diesel,90,0,0,2000,3,4,5,64,1260,0,1,3,338.2055587952392,0.22651656746142707,3.944930817973437
8250,59,10,1999,113700,Petrol,110,1,0,1600,5,4,5,19,1065,1,1,12,337.1943060017473,0.21200222253455903,2.642339933726462
9950,67,2,1999,113118,Petrol,86,1,0,1300,3,4,5,69,1020,1,1,3,336.3301948978117,0.22994052102000032,4.044084299509897
8250,59,10,1999,112827,Petrol,86,1,0,1300,5,4,5,69,1040,0,1,3,335.8973057349523,0.22994052102000032,4.044084299509897
9950,68,1,1999,112116,Petrol,110,1,0,1600,5,4,5,85,1070,1,1,3,334.83727391077593,0.21200222253455903,4.332197480900356
10500,66,3,1999,112000,Petrol,110,1,0,1600,3,4,6,85,1065,1,1,3,334.66401061363024,0.21200222253455903,4.332197480900356
7950,62,7,1999,112000,Diesel,72,0,0,2000,4,4,5,64,1135,0,1,3,334.66401061363024,0.24382614716244752,3.944930817973437
9750,65,4,1999,111769,Petrol,110,0,0,1600,3,4,6,85,1065,1,1,3,334.3187102152675,0.21200222253455903,4.332197480900356
9250,61,8,1999,110853,Petrol,110,1,0,1600,5,4,5,85,1070,0,1,3,332.9459415580854,0.21200222253455903,4.332197480900356
9500,68,1,1999,110287,Petrol,110,1,0,1600,3,4,5,69,1050,0,1,3,332.09486596453127,0.21200222253455903,4.044084299509897
9950,62,7,1999,109547,Petrol,110,0,0,1600,5,4,5,85,1075,1,1,3,330.97885128811475,0.21200222253455903,4.332197480900356
7750,63,6,1999,109230,Petrol,110,0,0,1600,3,4,5,69,1050,1,1,3,330.4996217849576,0.21200222253455903,4.044084299509897
9500,68,1,1999,109150,Petrol,110,0,0,1600,5,4,5,85,1075,0,1,3,330.3785707336358,0.21200222253455903,4.332197480900356
9950,67,2,1999,108793,Petrol,110,1,0,1600,4,4,5,69,1035,1,1,3,329.8378389451398,0.21200222253455903,4.044084299509897
9750,64,5,1999,106784,Petrol,110,0,1,1600,3,4,5,19,1050,0,1,12,326.77821224800164,0.21200222253455903,2.642339933726462
9750,58,11,1999,105942,Petrol,86,0,0,1300,5,4,5,69,1040,1,1,3,325.48732694223287,0.22994052102000032,4.044084299509897
5950,59,10,1999,105000,Petrol,86,1,0,1300,3,4,5,19,1015,0,0,3,324.037034920393,0.22994052102000032,2.642339933726462
8500,62,7,1999,105000,Petrol,86,0,0,1300,5,4,5,69,1040,0,0,3,324.037034920393,0.22994052102000032,4.044084299509897
8495,68,1,1999,104299,Petrol,110,1,0,1600,5,4,5,85,1085,0,1,3,322.95355703258633,0.21200222253455903,4.332197480900356
9250,67,2,1999,104000,Petrol,86,0,0,1300,3,4,5,69,1020,1,1,3,322.49030993194197,0.22994052102000032,4.044084299509897
6900,68,1,1999,104000,Petrol,86,1,0,1300,3,4,5,19,1015,0,0,6,322.49030993194197,0.22994052102000032,2.642339933726462
8950,58,11,1999,103458,Petrol,86,1,0,1300,3,4,5,69,1025,1,1,3,321.6488768828519,0.22994052102000032,4.044084299509897
9500,63,6,1999,103400,Petrol,110,1,0,1600,5,4,5,85,1075,0,1,3,321.55870381627057,0.21200222253455903,4.332197480900356
9250,63,6,1999,102807,Petrol,86,0,0,1300,5,4,5,85,1055,0,1,3,320.6353068518812,0.22994052102000032,4.332197480900356
9895,68,1,1999,102494,Petrol,110,0,0,1600,5,4,5,85,1090,1,1,3,320.1468413087969,0.21200222253455903,4.332197480900356
9950,57,12,1999,102300,Diesel,72,1,0,2000,5,4,5,185,1135,1,1,3,319.8437118343895,0.24382614716244752,5.599724624165487
7950,61,8,1999,102106,Petrol,110,0,0,1600,3,4,5,69,1050,0,1,3,319.54029479863726,0.21200222253455903,4.044084299509897
8750,68,1,1999,101889,Petrol,110,1,0,1600,5,4,5,85,1075,1,1,3,319.2005639092763,0.21200222253455903,4.332197480900356
8250,57,12,1999,101791,Diesel,72,0,0,2000,3,4,5,185,1115,0,1,3,319.04701847846815,0.24382614716244752,5.599724624165487
8950,63,6,1999,101469,Petrol,110,1,0,1600,3,4,6,85,1065,0,1,3,318.54199095252733,0.21200222253455903,4.332197480900356
8950,68,1,1999,101001,Petrol,110,0,0,1600,5,4,5,85,1075,1,1,3,317.8065449294586,0.21200222253455903,4.332197480900356
8950,61,8,1999,100748,Petrol,110,0,0,1600,5,4,5,85,1070,0,1,3,317.4082544610332,0.21200222253455903,4.332197480900356
8950,65,4,1999,100550,Petrol,110,1,0,1600,5,4,5,85,1075,0,1,3,317.09619991415855,0.21200222253455903,4.332197480900356
9450,67,2,1999,99781,Petrol,110,1,0,1600,5,4,5,85,1085,0,1,3,315.8813068226735,0.21200222253455903,4.332197480900356
8950,59,10,1999,98658,Petrol,86,1,0,1300,3,4,5,69,1020,0,1,3,314.09871059907266,0.22994052102000032,4.044084299509897
9250,65,4,1999,98500,Petrol,110,1,0,1600,5,4,5,85,1075,0,0,3,313.8470965295043,0.21200222253455903,4.332197480900356
8750,64,5,1999,98291,Petrol,86,0,0,1300,4,4,5,69,1000,0,1,12,313.51395503230793,0.22994052102000032,4.044084299509897
9950,61,8,1999,97648,Petrol,110,1,0,1600,3,4,6,85,1065,1,1,3,312.48679972120425,0.21200222253455903,4.332197480900356
9950,61,8,1999,97425,Petrol,110,1,0,1600,5,4,5,85,1075,0,1,3,312.1297807002722,0.21200222253455903,4.332197480900356
9900,65,4,1999,97173,Petrol,86,0,0,1300,3,4,5,69,1015,1,1,3,311.7258410847583,0.22994052102000032,4.044084299509897
